ERROR 2026-04-25 02:26:25,309 log Internal Server Error: /profile/
Traceback (most recent call last):
  File "D:\prog\Mini Project\dealTrack\venv\Lib\site-packages\django\db\models\fields\related_descriptors.py", line 502, in __get__
    rel_obj = self.related.get_cached_value(instance)
              ^^^^^^^^^^^^^^^^^^^^^^^^^^^^^^^^^^^^^^^
  File "D:\prog\Mini Project\dealTrack\venv\Lib\site-packages\django\db\models\fields\mixins.py", line 21, in get_cached_value
    return instance._state.fields_cache[self.cache_name]
           ~~~~~~~~~~~~~~~~~~~~~~~~~~~~^^^^^^^^^^^^^^^^^
KeyError: 'profile'

During handling of the above exception, another exception occurred:

Traceback (most recent call last):
  File "D:\prog\Mini Project\dealTrack\venv\Lib\site-packages\django\db\backends\utils.py", line 105, in _execute
    return self.cursor.execute(sql, params)
           ^^^^^^^^^^^^^^^^^^^^^^^^^^^^^^^^
  File "D:\prog\Mini Project\dealTrack\venv\Lib\site-packages\django\db\backends\mysql\base.py", line 78, in execute
    return self.cursor.execute(query, args)
           ^^^^^^^^^^^^^^^^^^^^^^^^^^^^^^^^
  File "D:\prog\Mini Project\dealTrack\venv\Lib\site-packages\MySQLdb\cursors.py", line 179, in execute
    res = self._query(mogrified_query)
          ^^^^^^^^^^^^^^^^^^^^^^^^^^^^
  File "D:\prog\Mini Project\dealTrack\venv\Lib\site-packages\MySQLdb\cursors.py", line 330, in _query
    db.query(q)
  File "D:\prog\Mini Project\dealTrack\venv\Lib\site-packages\MySQLdb\connections.py", line 286, in query
    _mysql.connection.query(self, query)
MySQLdb.ProgrammingError: (1146, "Table 'dealtrack_db.user_profile' doesn't exist")

The above exception was the direct cause of the following exception:

Traceback (most recent call last):
  File "D:\prog\Mini Project\dealTrack\venv\Lib\site-packages\django\core\handlers\exception.py", line 55, in inner
    response = get_response(request)
               ^^^^^^^^^^^^^^^^^^^^^
  File "D:\prog\Mini Project\dealTrack\venv\Lib\site-packages\django\core\handlers\base.py", line 198, in _get_response
    response = wrapped_callback(request, *callback_args, **callback_kwargs)
               ^^^^^^^^^^^^^^^^^^^^^^^^^^^^^^^^^^^^^^^^^^^^^^^^^^^^^^^^^^^^
  File "D:\prog\Mini Project\dealTrack\venv\Lib\site-packages\django\contrib\auth\decorators.py", line 59, in _view_wrapper
    return view_func(request, *args, **kwargs)
           ^^^^^^^^^^^^^^^^^^^^^^^^^^^^^^^^^^^
  File "D:\prog\Mini Project\dealTrack\showroom\views.py", line 110, in profile_view
    profile, created = user.profile.get_or_create()
                       ^^^^^^^^^^^^
  File "D:\prog\Mini Project\dealTrack\venv\Lib\site-packages\django\utils\functional.py", line 253, in inner
    return func(_wrapped, *args)
           ^^^^^^^^^^^^^^^^^^^^^
  File "D:\prog\Mini Project\dealTrack\venv\Lib\site-packages\django\db\models\fields\related_descriptors.py", line 509, in __get__
    rel_obj = self.get_queryset(instance=instance).get(**filter_args)
              ^^^^^^^^^^^^^^^^^^^^^^^^^^^^^^^^^^^^^^^^^^^^^^^^^^^^^^^
  File "D:\prog\Mini Project\dealTrack\venv\Lib\site-packages\django\db\models\query.py", line 635, in get
    num = len(clone)
          ^^^^^^^^^^
  File "D:\prog\Mini Project\dealTrack\venv\Lib\site-packages\django\db\models\query.py", line 372, in __len__
    self._fetch_all()
  File "D:\prog\Mini Project\dealTrack\venv\Lib\site-packages\django\db\models\query.py", line 2000, in _fetch_all
    self._result_cache = list(self._iterable_class(self))
                         ^^^^^^^^^^^^^^^^^^^^^^^^^^^^^^^^
  File "D:\prog\Mini Project\dealTrack\venv\Lib\site-packages\django\db\models\query.py", line 95, in __iter__
    results = compiler.execute_sql(
              ^^^^^^^^^^^^^^^^^^^^^
  File "D:\prog\Mini Project\dealTrack\venv\Lib\site-packages\django\db\models\sql\compiler.py", line 1624, in execute_sql
    cursor.execute(sql, params)
  File "D:\prog\Mini Project\dealTrack\venv\Lib\site-packages\django\db\backends\utils.py", line 122, in execute
    return super().execute(sql, params)
           ^^^^^^^^^^^^^^^^^^^^^^^^^^^^
  File "D:\prog\Mini Project\dealTrack\venv\Lib\site-packages\django\db\backends\utils.py", line 79, in execute
    return self._execute_with_wrappers(
           ^^^^^^^^^^^^^^^^^^^^^^^^^^^^
  File "D:\prog\Mini Project\dealTrack\venv\Lib\site-packages\django\db\backends\utils.py", line 92, in _execute_with_wrappers
    return executor(sql, params, many, context)
           ^^^^^^^^^^^^^^^^^^^^^^^^^^^^^^^^^^^^
  File "D:\prog\Mini Project\dealTrack\venv\Lib\site-packages\django\db\backends\utils.py", line 100, in _execute
    with self.db.wrap_database_errors:
  File "D:\prog\Mini Project\dealTrack\venv\Lib\site-packages\django\db\utils.py", line 94, in __exit__
    raise dj_exc_value.with_traceback(traceback) from exc_value
  File "D:\prog\Mini Project\dealTrack\venv\Lib\site-packages\django\db\backends\utils.py", line 105, in _execute
    return self.cursor.execute(sql, params)
           ^^^^^^^^^^^^^^^^^^^^^^^^^^^^^^^^
  File "D:\prog\Mini Project\dealTrack\venv\Lib\site-packages\django\db\backends\mysql\base.py", line 78, in execute
    return self.cursor.execute(query, args)
           ^^^^^^^^^^^^^^^^^^^^^^^^^^^^^^^^
  File "D:\prog\Mini Project\dealTrack\venv\Lib\site-packages\MySQLdb\cursors.py", line 179, in execute
    res = self._query(mogrified_query)
          ^^^^^^^^^^^^^^^^^^^^^^^^^^^^
  File "D:\prog\Mini Project\dealTrack\venv\Lib\site-packages\MySQLdb\cursors.py", line 330, in _query
    db.query(q)
  File "D:\prog\Mini Project\dealTrack\venv\Lib\site-packages\MySQLdb\connections.py", line 286, in query
    _mysql.connection.query(self, query)
django.db.utils.ProgrammingError: (1146, "Table 'dealtrack_db.user_profile' doesn't exist")
ERROR 2026-04-25 02:26:25,324 log "GET /profile/ HTTP/1.1" 500 190193
ERROR 2026-04-25 02:26:27,699 log Internal Server Error: /profile/
Traceback (most recent call last):
  File "D:\prog\Mini Project\dealTrack\venv\Lib\site-packages\django\db\models\fields\related_descriptors.py", line 502, in __get__
    rel_obj = self.related.get_cached_value(instance)
              ^^^^^^^^^^^^^^^^^^^^^^^^^^^^^^^^^^^^^^^
  File "D:\prog\Mini Project\dealTrack\venv\Lib\site-packages\django\db\models\fields\mixins.py", line 21, in get_cached_value
    return instance._state.fields_cache[self.cache_name]
           ~~~~~~~~~~~~~~~~~~~~~~~~~~~~^^^^^^^^^^^^^^^^^
KeyError: 'profile'

During handling of the above exception, another exception occurred:

Traceback (most recent call last):
  File "D:\prog\Mini Project\dealTrack\venv\Lib\site-packages\django\db\backends\utils.py", line 105, in _execute
    return self.cursor.execute(sql, params)
           ^^^^^^^^^^^^^^^^^^^^^^^^^^^^^^^^
  File "D:\prog\Mini Project\dealTrack\venv\Lib\site-packages\django\db\backends\mysql\base.py", line 78, in execute
    return self.cursor.execute(query, args)
           ^^^^^^^^^^^^^^^^^^^^^^^^^^^^^^^^
  File "D:\prog\Mini Project\dealTrack\venv\Lib\site-packages\MySQLdb\cursors.py", line 179, in execute
    res = self._query(mogrified_query)
          ^^^^^^^^^^^^^^^^^^^^^^^^^^^^
  File "D:\prog\Mini Project\dealTrack\venv\Lib\site-packages\MySQLdb\cursors.py", line 330, in _query
    db.query(q)
  File "D:\prog\Mini Project\dealTrack\venv\Lib\site-packages\MySQLdb\connections.py", line 286, in query
    _mysql.connection.query(self, query)
MySQLdb.ProgrammingError: (1146, "Table 'dealtrack_db.user_profile' doesn't exist")

The above exception was the direct cause of the following exception:

Traceback (most recent call last):
  File "D:\prog\Mini Project\dealTrack\venv\Lib\site-packages\django\core\handlers\exception.py", line 55, in inner
    response = get_response(request)
               ^^^^^^^^^^^^^^^^^^^^^
  File "D:\prog\Mini Project\dealTrack\venv\Lib\site-packages\django\core\handlers\base.py", line 198, in _get_response
    response = wrapped_callback(request, *callback_args, **callback_kwargs)
               ^^^^^^^^^^^^^^^^^^^^^^^^^^^^^^^^^^^^^^^^^^^^^^^^^^^^^^^^^^^^
  File "D:\prog\Mini Project\dealTrack\venv\Lib\site-packages\django\contrib\auth\decorators.py", line 59, in _view_wrapper
    return view_func(request, *args, **kwargs)
           ^^^^^^^^^^^^^^^^^^^^^^^^^^^^^^^^^^^
  File "D:\prog\Mini Project\dealTrack\showroom\views.py", line 110, in profile_view
    profile, created = user.profile.get_or_create()
                       ^^^^^^^^^^^^
  File "D:\prog\Mini Project\dealTrack\venv\Lib\site-packages\django\utils\functional.py", line 253, in inner
    return func(_wrapped, *args)
           ^^^^^^^^^^^^^^^^^^^^^
  File "D:\prog\Mini Project\dealTrack\venv\Lib\site-packages\django\db\models\fields\related_descriptors.py", line 509, in __get__
    rel_obj = self.get_queryset(instance=instance).get(**filter_args)
              ^^^^^^^^^^^^^^^^^^^^^^^^^^^^^^^^^^^^^^^^^^^^^^^^^^^^^^^
  File "D:\prog\Mini Project\dealTrack\venv\Lib\site-packages\django\db\models\query.py", line 635, in get
    num = len(clone)
          ^^^^^^^^^^
  File "D:\prog\Mini Project\dealTrack\venv\Lib\site-packages\django\db\models\query.py", line 372, in __len__
    self._fetch_all()
  File "D:\prog\Mini Project\dealTrack\venv\Lib\site-packages\django\db\models\query.py", line 2000, in _fetch_all
    self._result_cache = list(self._iterable_class(self))
                         ^^^^^^^^^^^^^^^^^^^^^^^^^^^^^^^^
  File "D:\prog\Mini Project\dealTrack\venv\Lib\site-packages\django\db\models\query.py", line 95, in __iter__
    results = compiler.execute_sql(
              ^^^^^^^^^^^^^^^^^^^^^
  File "D:\prog\Mini Project\dealTrack\venv\Lib\site-packages\django\db\models\sql\compiler.py", line 1624, in execute_sql
    cursor.execute(sql, params)
  File "D:\prog\Mini Project\dealTrack\venv\Lib\site-packages\django\db\backends\utils.py", line 122, in execute
    return super().execute(sql, params)
           ^^^^^^^^^^^^^^^^^^^^^^^^^^^^
  File "D:\prog\Mini Project\dealTrack\venv\Lib\site-packages\django\db\backends\utils.py", line 79, in execute
    return self._execute_with_wrappers(
           ^^^^^^^^^^^^^^^^^^^^^^^^^^^^
  File "D:\prog\Mini Project\dealTrack\venv\Lib\site-packages\django\db\backends\utils.py", line 92, in _execute_with_wrappers
    return executor(sql, params, many, context)
           ^^^^^^^^^^^^^^^^^^^^^^^^^^^^^^^^^^^^
  File "D:\prog\Mini Project\dealTrack\venv\Lib\site-packages\django\db\backends\utils.py", line 100, in _execute
    with self.db.wrap_database_errors:
  File "D:\prog\Mini Project\dealTrack\venv\Lib\site-packages\django\db\utils.py", line 94, in __exit__
    raise dj_exc_value.with_traceback(traceback) from exc_value
  File "D:\prog\Mini Project\dealTrack\venv\Lib\site-packages\django\db\backends\utils.py", line 105, in _execute
    return self.cursor.execute(sql, params)
           ^^^^^^^^^^^^^^^^^^^^^^^^^^^^^^^^
  File "D:\prog\Mini Project\dealTrack\venv\Lib\site-packages\django\db\backends\mysql\base.py", line 78, in execute
    return self.cursor.execute(query, args)
           ^^^^^^^^^^^^^^^^^^^^^^^^^^^^^^^^
  File "D:\prog\Mini Project\dealTrack\venv\Lib\site-packages\MySQLdb\cursors.py", line 179, in execute
    res = self._query(mogrified_query)
          ^^^^^^^^^^^^^^^^^^^^^^^^^^^^
  File "D:\prog\Mini Project\dealTrack\venv\Lib\site-packages\MySQLdb\cursors.py", line 330, in _query
    db.query(q)
  File "D:\prog\Mini Project\dealTrack\venv\Lib\site-packages\MySQLdb\connections.py", line 286, in query
    _mysql.connection.query(self, query)
django.db.utils.ProgrammingError: (1146, "Table 'dealtrack_db.user_profile' doesn't exist")
ERROR 2026-04-25 02:26:27,699 log "GET /profile/ HTTP/1.1" 500 190321
ERROR 2026-04-25 02:27:36,605 log Internal Server Error: /profile/
Traceback (most recent call last):
  File "D:\prog\Mini Project\dealTrack\venv\Lib\site-packages\django\db\models\fields\related_descriptors.py", line 502, in __get__
    rel_obj = self.related.get_cached_value(instance)
              ^^^^^^^^^^^^^^^^^^^^^^^^^^^^^^^^^^^^^^^
  File "D:\prog\Mini Project\dealTrack\venv\Lib\site-packages\django\db\models\fields\mixins.py", line 21, in get_cached_value
    return instance._state.fields_cache[self.cache_name]
           ~~~~~~~~~~~~~~~~~~~~~~~~~~~~^^^^^^^^^^^^^^^^^
KeyError: 'profile'

During handling of the above exception, another exception occurred:

Traceback (most recent call last):
  File "D:\prog\Mini Project\dealTrack\venv\Lib\site-packages\django\db\backends\utils.py", line 105, in _execute
    return self.cursor.execute(sql, params)
           ^^^^^^^^^^^^^^^^^^^^^^^^^^^^^^^^
  File "D:\prog\Mini Project\dealTrack\venv\Lib\site-packages\django\db\backends\mysql\base.py", line 78, in execute
    return self.cursor.execute(query, args)
           ^^^^^^^^^^^^^^^^^^^^^^^^^^^^^^^^
  File "D:\prog\Mini Project\dealTrack\venv\Lib\site-packages\MySQLdb\cursors.py", line 179, in execute
    res = self._query(mogrified_query)
          ^^^^^^^^^^^^^^^^^^^^^^^^^^^^
  File "D:\prog\Mini Project\dealTrack\venv\Lib\site-packages\MySQLdb\cursors.py", line 330, in _query
    db.query(q)
  File "D:\prog\Mini Project\dealTrack\venv\Lib\site-packages\MySQLdb\connections.py", line 286, in query
    _mysql.connection.query(self, query)
MySQLdb.ProgrammingError: (1146, "Table 'dealtrack_db.user_profile' doesn't exist")

The above exception was the direct cause of the following exception:

Traceback (most recent call last):
  File "D:\prog\Mini Project\dealTrack\venv\Lib\site-packages\django\core\handlers\exception.py", line 55, in inner
    response = get_response(request)
               ^^^^^^^^^^^^^^^^^^^^^
  File "D:\prog\Mini Project\dealTrack\venv\Lib\site-packages\django\core\handlers\base.py", line 198, in _get_response
    response = wrapped_callback(request, *callback_args, **callback_kwargs)
               ^^^^^^^^^^^^^^^^^^^^^^^^^^^^^^^^^^^^^^^^^^^^^^^^^^^^^^^^^^^^
  File "D:\prog\Mini Project\dealTrack\venv\Lib\site-packages\django\contrib\auth\decorators.py", line 59, in _view_wrapper
    return view_func(request, *args, **kwargs)
           ^^^^^^^^^^^^^^^^^^^^^^^^^^^^^^^^^^^
  File "D:\prog\Mini Project\dealTrack\showroom\views.py", line 110, in profile_view
    profile, created = user.profile.get_or_create()
                       ^^^^^^^^^^^^
  File "D:\prog\Mini Project\dealTrack\venv\Lib\site-packages\django\utils\functional.py", line 253, in inner
    return func(_wrapped, *args)
           ^^^^^^^^^^^^^^^^^^^^^
  File "D:\prog\Mini Project\dealTrack\venv\Lib\site-packages\django\db\models\fields\related_descriptors.py", line 509, in __get__
    rel_obj = self.get_queryset(instance=instance).get(**filter_args)
              ^^^^^^^^^^^^^^^^^^^^^^^^^^^^^^^^^^^^^^^^^^^^^^^^^^^^^^^
  File "D:\prog\Mini Project\dealTrack\venv\Lib\site-packages\django\db\models\query.py", line 635, in get
    num = len(clone)
          ^^^^^^^^^^
  File "D:\prog\Mini Project\dealTrack\venv\Lib\site-packages\django\db\models\query.py", line 372, in __len__
    self._fetch_all()
  File "D:\prog\Mini Project\dealTrack\venv\Lib\site-packages\django\db\models\query.py", line 2000, in _fetch_all
    self._result_cache = list(self._iterable_class(self))
                         ^^^^^^^^^^^^^^^^^^^^^^^^^^^^^^^^
  File "D:\prog\Mini Project\dealTrack\venv\Lib\site-packages\django\db\models\query.py", line 95, in __iter__
    results = compiler.execute_sql(
              ^^^^^^^^^^^^^^^^^^^^^
  File "D:\prog\Mini Project\dealTrack\venv\Lib\site-packages\django\db\models\sql\compiler.py", line 1624, in execute_sql
    cursor.execute(sql, params)
  File "D:\prog\Mini Project\dealTrack\venv\Lib\site-packages\django\db\backends\utils.py", line 122, in execute
    return super().execute(sql, params)
           ^^^^^^^^^^^^^^^^^^^^^^^^^^^^
  File "D:\prog\Mini Project\dealTrack\venv\Lib\site-packages\django\db\backends\utils.py", line 79, in execute
    return self._execute_with_wrappers(
           ^^^^^^^^^^^^^^^^^^^^^^^^^^^^
  File "D:\prog\Mini Project\dealTrack\venv\Lib\site-packages\django\db\backends\utils.py", line 92, in _execute_with_wrappers
    return executor(sql, params, many, context)
           ^^^^^^^^^^^^^^^^^^^^^^^^^^^^^^^^^^^^
  File "D:\prog\Mini Project\dealTrack\venv\Lib\site-packages\django\db\backends\utils.py", line 100, in _execute
    with self.db.wrap_database_errors:
  File "D:\prog\Mini Project\dealTrack\venv\Lib\site-packages\django\db\utils.py", line 94, in __exit__
    raise dj_exc_value.with_traceback(traceback) from exc_value
  File "D:\prog\Mini Project\dealTrack\venv\Lib\site-packages\django\db\backends\utils.py", line 105, in _execute
    return self.cursor.execute(sql, params)
           ^^^^^^^^^^^^^^^^^^^^^^^^^^^^^^^^
  File "D:\prog\Mini Project\dealTrack\venv\Lib\site-packages\django\db\backends\mysql\base.py", line 78, in execute
    return self.cursor.execute(query, args)
           ^^^^^^^^^^^^^^^^^^^^^^^^^^^^^^^^
  File "D:\prog\Mini Project\dealTrack\venv\Lib\site-packages\MySQLdb\cursors.py", line 179, in execute
    res = self._query(mogrified_query)
          ^^^^^^^^^^^^^^^^^^^^^^^^^^^^
  File "D:\prog\Mini Project\dealTrack\venv\Lib\site-packages\MySQLdb\cursors.py", line 330, in _query
    db.query(q)
  File "D:\prog\Mini Project\dealTrack\venv\Lib\site-packages\MySQLdb\connections.py", line 286, in query
    _mysql.connection.query(self, query)
django.db.utils.ProgrammingError: (1146, "Table 'dealtrack_db.user_profile' doesn't exist")
ERROR 2026-04-25 02:27:36,623 log "GET /profile/ HTTP/1.1" 500 190415
ERROR 2026-04-25 02:27:37,823 log Internal Server Error: /profile/
Traceback (most recent call last):
  File "D:\prog\Mini Project\dealTrack\venv\Lib\site-packages\django\db\models\fields\related_descriptors.py", line 502, in __get__
    rel_obj = self.related.get_cached_value(instance)
              ^^^^^^^^^^^^^^^^^^^^^^^^^^^^^^^^^^^^^^^
  File "D:\prog\Mini Project\dealTrack\venv\Lib\site-packages\django\db\models\fields\mixins.py", line 21, in get_cached_value
    return instance._state.fields_cache[self.cache_name]
           ~~~~~~~~~~~~~~~~~~~~~~~~~~~~^^^^^^^^^^^^^^^^^
KeyError: 'profile'

During handling of the above exception, another exception occurred:

Traceback (most recent call last):
  File "D:\prog\Mini Project\dealTrack\venv\Lib\site-packages\django\db\backends\utils.py", line 105, in _execute
    return self.cursor.execute(sql, params)
           ^^^^^^^^^^^^^^^^^^^^^^^^^^^^^^^^
  File "D:\prog\Mini Project\dealTrack\venv\Lib\site-packages\django\db\backends\mysql\base.py", line 78, in execute
    return self.cursor.execute(query, args)
           ^^^^^^^^^^^^^^^^^^^^^^^^^^^^^^^^
  File "D:\prog\Mini Project\dealTrack\venv\Lib\site-packages\MySQLdb\cursors.py", line 179, in execute
    res = self._query(mogrified_query)
          ^^^^^^^^^^^^^^^^^^^^^^^^^^^^
  File "D:\prog\Mini Project\dealTrack\venv\Lib\site-packages\MySQLdb\cursors.py", line 330, in _query
    db.query(q)
  File "D:\prog\Mini Project\dealTrack\venv\Lib\site-packages\MySQLdb\connections.py", line 286, in query
    _mysql.connection.query(self, query)
MySQLdb.ProgrammingError: (1146, "Table 'dealtrack_db.user_profile' doesn't exist")

The above exception was the direct cause of the following exception:

Traceback (most recent call last):
  File "D:\prog\Mini Project\dealTrack\venv\Lib\site-packages\django\core\handlers\exception.py", line 55, in inner
    response = get_response(request)
               ^^^^^^^^^^^^^^^^^^^^^
  File "D:\prog\Mini Project\dealTrack\venv\Lib\site-packages\django\core\handlers\base.py", line 198, in _get_response
    response = wrapped_callback(request, *callback_args, **callback_kwargs)
               ^^^^^^^^^^^^^^^^^^^^^^^^^^^^^^^^^^^^^^^^^^^^^^^^^^^^^^^^^^^^
  File "D:\prog\Mini Project\dealTrack\venv\Lib\site-packages\django\contrib\auth\decorators.py", line 59, in _view_wrapper
    return view_func(request, *args, **kwargs)
           ^^^^^^^^^^^^^^^^^^^^^^^^^^^^^^^^^^^
  File "D:\prog\Mini Project\dealTrack\showroom\views.py", line 110, in profile_view
    profile, created = user.profile.get_or_create()
                       ^^^^^^^^^^^^
  File "D:\prog\Mini Project\dealTrack\venv\Lib\site-packages\django\utils\functional.py", line 253, in inner
    return func(_wrapped, *args)
           ^^^^^^^^^^^^^^^^^^^^^
  File "D:\prog\Mini Project\dealTrack\venv\Lib\site-packages\django\db\models\fields\related_descriptors.py", line 509, in __get__
    rel_obj = self.get_queryset(instance=instance).get(**filter_args)
              ^^^^^^^^^^^^^^^^^^^^^^^^^^^^^^^^^^^^^^^^^^^^^^^^^^^^^^^
  File "D:\prog\Mini Project\dealTrack\venv\Lib\site-packages\django\db\models\query.py", line 635, in get
    num = len(clone)
          ^^^^^^^^^^
  File "D:\prog\Mini Project\dealTrack\venv\Lib\site-packages\django\db\models\query.py", line 372, in __len__
    self._fetch_all()
  File "D:\prog\Mini Project\dealTrack\venv\Lib\site-packages\django\db\models\query.py", line 2000, in _fetch_all
    self._result_cache = list(self._iterable_class(self))
                         ^^^^^^^^^^^^^^^^^^^^^^^^^^^^^^^^
  File "D:\prog\Mini Project\dealTrack\venv\Lib\site-packages\django\db\models\query.py", line 95, in __iter__
    results = compiler.execute_sql(
              ^^^^^^^^^^^^^^^^^^^^^
  File "D:\prog\Mini Project\dealTrack\venv\Lib\site-packages\django\db\models\sql\compiler.py", line 1624, in execute_sql
    cursor.execute(sql, params)
  File "D:\prog\Mini Project\dealTrack\venv\Lib\site-packages\django\db\backends\utils.py", line 122, in execute
    return super().execute(sql, params)
           ^^^^^^^^^^^^^^^^^^^^^^^^^^^^
  File "D:\prog\Mini Project\dealTrack\venv\Lib\site-packages\django\db\backends\utils.py", line 79, in execute
    return self._execute_with_wrappers(
           ^^^^^^^^^^^^^^^^^^^^^^^^^^^^
  File "D:\prog\Mini Project\dealTrack\venv\Lib\site-packages\django\db\backends\utils.py", line 92, in _execute_with_wrappers
    return executor(sql, params, many, context)
           ^^^^^^^^^^^^^^^^^^^^^^^^^^^^^^^^^^^^
  File "D:\prog\Mini Project\dealTrack\venv\Lib\site-packages\django\db\backends\utils.py", line 100, in _execute
    with self.db.wrap_database_errors:
  File "D:\prog\Mini Project\dealTrack\venv\Lib\site-packages\django\db\utils.py", line 94, in __exit__
    raise dj_exc_value.with_traceback(traceback) from exc_value
  File "D:\prog\Mini Project\dealTrack\venv\Lib\site-packages\django\db\backends\utils.py", line 105, in _execute
    return self.cursor.execute(sql, params)
           ^^^^^^^^^^^^^^^^^^^^^^^^^^^^^^^^
  File "D:\prog\Mini Project\dealTrack\venv\Lib\site-packages\django\db\backends\mysql\base.py", line 78, in execute
    return self.cursor.execute(query, args)
           ^^^^^^^^^^^^^^^^^^^^^^^^^^^^^^^^
  File "D:\prog\Mini Project\dealTrack\venv\Lib\site-packages\MySQLdb\cursors.py", line 179, in execute
    res = self._query(mogrified_query)
          ^^^^^^^^^^^^^^^^^^^^^^^^^^^^
  File "D:\prog\Mini Project\dealTrack\venv\Lib\site-packages\MySQLdb\cursors.py", line 330, in _query
    db.query(q)
  File "D:\prog\Mini Project\dealTrack\venv\Lib\site-packages\MySQLdb\connections.py", line 286, in query
    _mysql.connection.query(self, query)
django.db.utils.ProgrammingError: (1146, "Table 'dealtrack_db.user_profile' doesn't exist")
ERROR 2026-04-25 02:27:37,829 log "GET /profile/ HTTP/1.1" 500 190415
ERROR 2026-04-25 02:27:43,790 log Internal Server Error: /profile/
Traceback (most recent call last):
  File "D:\prog\Mini Project\dealTrack\venv\Lib\site-packages\django\db\models\fields\related_descriptors.py", line 502, in __get__
    rel_obj = self.related.get_cached_value(instance)
              ^^^^^^^^^^^^^^^^^^^^^^^^^^^^^^^^^^^^^^^
  File "D:\prog\Mini Project\dealTrack\venv\Lib\site-packages\django\db\models\fields\mixins.py", line 21, in get_cached_value
    return instance._state.fields_cache[self.cache_name]
           ~~~~~~~~~~~~~~~~~~~~~~~~~~~~^^^^^^^^^^^^^^^^^
KeyError: 'profile'

During handling of the above exception, another exception occurred:

Traceback (most recent call last):
  File "D:\prog\Mini Project\dealTrack\venv\Lib\site-packages\django\db\backends\utils.py", line 105, in _execute
    return self.cursor.execute(sql, params)
           ^^^^^^^^^^^^^^^^^^^^^^^^^^^^^^^^
  File "D:\prog\Mini Project\dealTrack\venv\Lib\site-packages\django\db\backends\mysql\base.py", line 78, in execute
    return self.cursor.execute(query, args)
           ^^^^^^^^^^^^^^^^^^^^^^^^^^^^^^^^
  File "D:\prog\Mini Project\dealTrack\venv\Lib\site-packages\MySQLdb\cursors.py", line 179, in execute
    res = self._query(mogrified_query)
          ^^^^^^^^^^^^^^^^^^^^^^^^^^^^
  File "D:\prog\Mini Project\dealTrack\venv\Lib\site-packages\MySQLdb\cursors.py", line 330, in _query
    db.query(q)
  File "D:\prog\Mini Project\dealTrack\venv\Lib\site-packages\MySQLdb\connections.py", line 286, in query
    _mysql.connection.query(self, query)
MySQLdb.ProgrammingError: (1146, "Table 'dealtrack_db.user_profile' doesn't exist")

The above exception was the direct cause of the following exception:

Traceback (most recent call last):
  File "D:\prog\Mini Project\dealTrack\venv\Lib\site-packages\django\core\handlers\exception.py", line 55, in inner
    response = get_response(request)
               ^^^^^^^^^^^^^^^^^^^^^
  File "D:\prog\Mini Project\dealTrack\venv\Lib\site-packages\django\core\handlers\base.py", line 198, in _get_response
    response = wrapped_callback(request, *callback_args, **callback_kwargs)
               ^^^^^^^^^^^^^^^^^^^^^^^^^^^^^^^^^^^^^^^^^^^^^^^^^^^^^^^^^^^^
  File "D:\prog\Mini Project\dealTrack\venv\Lib\site-packages\django\contrib\auth\decorators.py", line 59, in _view_wrapper
    return view_func(request, *args, **kwargs)
           ^^^^^^^^^^^^^^^^^^^^^^^^^^^^^^^^^^^
  File "D:\prog\Mini Project\dealTrack\showroom\views.py", line 110, in profile_view
    profile, created = user.profile.get_or_create()
                       ^^^^^^^^^^^^
  File "D:\prog\Mini Project\dealTrack\venv\Lib\site-packages\django\utils\functional.py", line 253, in inner
    return func(_wrapped, *args)
           ^^^^^^^^^^^^^^^^^^^^^
  File "D:\prog\Mini Project\dealTrack\venv\Lib\site-packages\django\db\models\fields\related_descriptors.py", line 509, in __get__
    rel_obj = self.get_queryset(instance=instance).get(**filter_args)
              ^^^^^^^^^^^^^^^^^^^^^^^^^^^^^^^^^^^^^^^^^^^^^^^^^^^^^^^
  File "D:\prog\Mini Project\dealTrack\venv\Lib\site-packages\django\db\models\query.py", line 635, in get
    num = len(clone)
          ^^^^^^^^^^
  File "D:\prog\Mini Project\dealTrack\venv\Lib\site-packages\django\db\models\query.py", line 372, in __len__
    self._fetch_all()
  File "D:\prog\Mini Project\dealTrack\venv\Lib\site-packages\django\db\models\query.py", line 2000, in _fetch_all
    self._result_cache = list(self._iterable_class(self))
                         ^^^^^^^^^^^^^^^^^^^^^^^^^^^^^^^^
  File "D:\prog\Mini Project\dealTrack\venv\Lib\site-packages\django\db\models\query.py", line 95, in __iter__
    results = compiler.execute_sql(
              ^^^^^^^^^^^^^^^^^^^^^
  File "D:\prog\Mini Project\dealTrack\venv\Lib\site-packages\django\db\models\sql\compiler.py", line 1624, in execute_sql
    cursor.execute(sql, params)
  File "D:\prog\Mini Project\dealTrack\venv\Lib\site-packages\django\db\backends\utils.py", line 122, in execute
    return super().execute(sql, params)
           ^^^^^^^^^^^^^^^^^^^^^^^^^^^^
  File "D:\prog\Mini Project\dealTrack\venv\Lib\site-packages\django\db\backends\utils.py", line 79, in execute
    return self._execute_with_wrappers(
           ^^^^^^^^^^^^^^^^^^^^^^^^^^^^
  File "D:\prog\Mini Project\dealTrack\venv\Lib\site-packages\django\db\backends\utils.py", line 92, in _execute_with_wrappers
    return executor(sql, params, many, context)
           ^^^^^^^^^^^^^^^^^^^^^^^^^^^^^^^^^^^^
  File "D:\prog\Mini Project\dealTrack\venv\Lib\site-packages\django\db\backends\utils.py", line 100, in _execute
    with self.db.wrap_database_errors:
  File "D:\prog\Mini Project\dealTrack\venv\Lib\site-packages\django\db\utils.py", line 94, in __exit__
    raise dj_exc_value.with_traceback(traceback) from exc_value
  File "D:\prog\Mini Project\dealTrack\venv\Lib\site-packages\django\db\backends\utils.py", line 105, in _execute
    return self.cursor.execute(sql, params)
           ^^^^^^^^^^^^^^^^^^^^^^^^^^^^^^^^
  File "D:\prog\Mini Project\dealTrack\venv\Lib\site-packages\django\db\backends\mysql\base.py", line 78, in execute
    return self.cursor.execute(query, args)
           ^^^^^^^^^^^^^^^^^^^^^^^^^^^^^^^^
  File "D:\prog\Mini Project\dealTrack\venv\Lib\site-packages\MySQLdb\cursors.py", line 179, in execute
    res = self._query(mogrified_query)
          ^^^^^^^^^^^^^^^^^^^^^^^^^^^^
  File "D:\prog\Mini Project\dealTrack\venv\Lib\site-packages\MySQLdb\cursors.py", line 330, in _query
    db.query(q)
  File "D:\prog\Mini Project\dealTrack\venv\Lib\site-packages\MySQLdb\connections.py", line 286, in query
    _mysql.connection.query(self, query)
django.db.utils.ProgrammingError: (1146, "Table 'dealtrack_db.user_profile' doesn't exist")
ERROR 2026-04-25 02:27:43,793 log "GET /profile/ HTTP/1.1" 500 190150
ERROR 2026-04-25 02:40:19,644 log Internal Server Error: /settings/
Traceback (most recent call last):
  File "D:\prog\Mini Project\dealTrack\venv\Lib\site-packages\django\core\handlers\exception.py", line 55, in inner
    response = get_response(request)
               ^^^^^^^^^^^^^^^^^^^^^
  File "D:\prog\Mini Project\dealTrack\venv\Lib\site-packages\django\core\handlers\base.py", line 198, in _get_response
    response = wrapped_callback(request, *callback_args, **callback_kwargs)
               ^^^^^^^^^^^^^^^^^^^^^^^^^^^^^^^^^^^^^^^^^^^^^^^^^^^^^^^^^^^^
  File "D:\prog\Mini Project\dealTrack\venv\Lib\site-packages\django\contrib\auth\decorators.py", line 59, in _view_wrapper
    return view_func(request, *args, **kwargs)
           ^^^^^^^^^^^^^^^^^^^^^^^^^^^^^^^^^^^
  File "D:\prog\Mini Project\dealTrack\showroom\views.py", line 144, in settings
    return render(request, 'settings.html', context)
           ^^^^^^^^^^^^^^^^^^^^^^^^^^^^^^^^^^^^^^^^^
  File "D:\prog\Mini Project\dealTrack\venv\Lib\site-packages\django\shortcuts.py", line 25, in render
    content = loader.render_to_string(template_name, context, request, using=using)
              ^^^^^^^^^^^^^^^^^^^^^^^^^^^^^^^^^^^^^^^^^^^^^^^^^^^^^^^^^^^^^^^^^^^^^
  File "D:\prog\Mini Project\dealTrack\venv\Lib\site-packages\django\template\loader.py", line 62, in render_to_string
    return template.render(context, request)
           ^^^^^^^^^^^^^^^^^^^^^^^^^^^^^^^^^
  File "D:\prog\Mini Project\dealTrack\venv\Lib\site-packages\django\template\backends\django.py", line 107, in render
    return self.template.render(context)
           ^^^^^^^^^^^^^^^^^^^^^^^^^^^^^
  File "D:\prog\Mini Project\dealTrack\venv\Lib\site-packages\django\template\base.py", line 174, in render
    return self._render(context)
           ^^^^^^^^^^^^^^^^^^^^^
  File "D:\prog\Mini Project\dealTrack\venv\Lib\site-packages\django\template\base.py", line 166, in _render
    return self.nodelist.render(context)
           ^^^^^^^^^^^^^^^^^^^^^^^^^^^^^
  File "D:\prog\Mini Project\dealTrack\venv\Lib\site-packages\django\template\base.py", line 1091, in render
    return SafeString("".join([node.render_annotated(context) for node in self]))
                               ^^^^^^^^^^^^^^^^^^^^^^^^^^^^^^
  File "D:\prog\Mini Project\dealTrack\venv\Lib\site-packages\django\template\base.py", line 1052, in render_annotated
    return self.render(context)
           ^^^^^^^^^^^^^^^^^^^^
  File "D:\prog\Mini Project\dealTrack\venv\Lib\site-packages\django\template\loader_tags.py", line 160, in render
    return compiled_parent._render(context)
           ^^^^^^^^^^^^^^^^^^^^^^^^^^^^^^^^
  File "D:\prog\Mini Project\dealTrack\venv\Lib\site-packages\django\template\base.py", line 166, in _render
    return self.nodelist.render(context)
           ^^^^^^^^^^^^^^^^^^^^^^^^^^^^^
  File "D:\prog\Mini Project\dealTrack\venv\Lib\site-packages\django\template\base.py", line 1091, in render
    return SafeString("".join([node.render_annotated(context) for node in self]))
                               ^^^^^^^^^^^^^^^^^^^^^^^^^^^^^^
  File "D:\prog\Mini Project\dealTrack\venv\Lib\site-packages\django\template\base.py", line 1052, in render_annotated
    return self.render(context)
           ^^^^^^^^^^^^^^^^^^^^
  File "D:\prog\Mini Project\dealTrack\venv\Lib\site-packages\django\template\loader_tags.py", line 66, in render
    result = block.nodelist.render(context)
             ^^^^^^^^^^^^^^^^^^^^^^^^^^^^^^
  File "D:\prog\Mini Project\dealTrack\venv\Lib\site-packages\django\template\base.py", line 1091, in render
    return SafeString("".join([node.render_annotated(context) for node in self]))
                               ^^^^^^^^^^^^^^^^^^^^^^^^^^^^^^
  File "D:\prog\Mini Project\dealTrack\venv\Lib\site-packages\django\template\base.py", line 1052, in render_annotated
    return self.render(context)
           ^^^^^^^^^^^^^^^^^^^^
  File "D:\prog\Mini Project\dealTrack\venv\Lib\site-packages\django\template\defaulttags.py", line 511, in render
    url = reverse(view_name, args=args, kwargs=kwargs, current_app=current_app)
          ^^^^^^^^^^^^^^^^^^^^^^^^^^^^^^^^^^^^^^^^^^^^^^^^^^^^^^^^^^^^^^^^^^^^^
  File "D:\prog\Mini Project\dealTrack\venv\Lib\site-packages\django\urls\base.py", line 98, in reverse
    resolved_url = resolver._reverse_with_prefix(view, prefix, *args, **kwargs)
                   ^^^^^^^^^^^^^^^^^^^^^^^^^^^^^^^^^^^^^^^^^^^^^^^^^^^^^^^^^^^^
  File "D:\prog\Mini Project\dealTrack\venv\Lib\site-packages\django\urls\resolvers.py", line 842, in _reverse_with_prefix
    raise NoReverseMatch(msg)
django.urls.exceptions.NoReverseMatch: Reverse for 'edit_profile' not found. 'edit_profile' is not a valid view function or pattern name.
ERROR 2026-04-25 02:40:19,653 log "GET /settings/ HTTP/1.1" 500 173355
ERROR 2026-04-25 02:40:36,079 log Internal Server Error: /settings/
Traceback (most recent call last):
  File "D:\prog\Mini Project\dealTrack\venv\Lib\site-packages\django\core\handlers\exception.py", line 55, in inner
    response = get_response(request)
               ^^^^^^^^^^^^^^^^^^^^^
  File "D:\prog\Mini Project\dealTrack\venv\Lib\site-packages\django\core\handlers\base.py", line 198, in _get_response
    response = wrapped_callback(request, *callback_args, **callback_kwargs)
               ^^^^^^^^^^^^^^^^^^^^^^^^^^^^^^^^^^^^^^^^^^^^^^^^^^^^^^^^^^^^
  File "D:\prog\Mini Project\dealTrack\venv\Lib\site-packages\django\contrib\auth\decorators.py", line 59, in _view_wrapper
    return view_func(request, *args, **kwargs)
           ^^^^^^^^^^^^^^^^^^^^^^^^^^^^^^^^^^^
  File "D:\prog\Mini Project\dealTrack\showroom\views.py", line 144, in settings
    return render(request, 'settings.html', context)
           ^^^^^^^^^^^^^^^^^^^^^^^^^^^^^^^^^^^^^^^^^
  File "D:\prog\Mini Project\dealTrack\venv\Lib\site-packages\django\shortcuts.py", line 25, in render
    content = loader.render_to_string(template_name, context, request, using=using)
              ^^^^^^^^^^^^^^^^^^^^^^^^^^^^^^^^^^^^^^^^^^^^^^^^^^^^^^^^^^^^^^^^^^^^^
  File "D:\prog\Mini Project\dealTrack\venv\Lib\site-packages\django\template\loader.py", line 62, in render_to_string
    return template.render(context, request)
           ^^^^^^^^^^^^^^^^^^^^^^^^^^^^^^^^^
  File "D:\prog\Mini Project\dealTrack\venv\Lib\site-packages\django\template\backends\django.py", line 107, in render
    return self.template.render(context)
           ^^^^^^^^^^^^^^^^^^^^^^^^^^^^^
  File "D:\prog\Mini Project\dealTrack\venv\Lib\site-packages\django\template\base.py", line 174, in render
    return self._render(context)
           ^^^^^^^^^^^^^^^^^^^^^
  File "D:\prog\Mini Project\dealTrack\venv\Lib\site-packages\django\template\base.py", line 166, in _render
    return self.nodelist.render(context)
           ^^^^^^^^^^^^^^^^^^^^^^^^^^^^^
  File "D:\prog\Mini Project\dealTrack\venv\Lib\site-packages\django\template\base.py", line 1091, in render
    return SafeString("".join([node.render_annotated(context) for node in self]))
                               ^^^^^^^^^^^^^^^^^^^^^^^^^^^^^^
  File "D:\prog\Mini Project\dealTrack\venv\Lib\site-packages\django\template\base.py", line 1052, in render_annotated
    return self.render(context)
           ^^^^^^^^^^^^^^^^^^^^
  File "D:\prog\Mini Project\dealTrack\venv\Lib\site-packages\django\template\loader_tags.py", line 160, in render
    return compiled_parent._render(context)
           ^^^^^^^^^^^^^^^^^^^^^^^^^^^^^^^^
  File "D:\prog\Mini Project\dealTrack\venv\Lib\site-packages\django\template\base.py", line 166, in _render
    return self.nodelist.render(context)
           ^^^^^^^^^^^^^^^^^^^^^^^^^^^^^
  File "D:\prog\Mini Project\dealTrack\venv\Lib\site-packages\django\template\base.py", line 1091, in render
    return SafeString("".join([node.render_annotated(context) for node in self]))
                               ^^^^^^^^^^^^^^^^^^^^^^^^^^^^^^
  File "D:\prog\Mini Project\dealTrack\venv\Lib\site-packages\django\template\base.py", line 1052, in render_annotated
    return self.render(context)
           ^^^^^^^^^^^^^^^^^^^^
  File "D:\prog\Mini Project\dealTrack\venv\Lib\site-packages\django\template\loader_tags.py", line 66, in render
    result = block.nodelist.render(context)
             ^^^^^^^^^^^^^^^^^^^^^^^^^^^^^^
  File "D:\prog\Mini Project\dealTrack\venv\Lib\site-packages\django\template\base.py", line 1091, in render
    return SafeString("".join([node.render_annotated(context) for node in self]))
                               ^^^^^^^^^^^^^^^^^^^^^^^^^^^^^^
  File "D:\prog\Mini Project\dealTrack\venv\Lib\site-packages\django\template\base.py", line 1052, in render_annotated
    return self.render(context)
           ^^^^^^^^^^^^^^^^^^^^
  File "D:\prog\Mini Project\dealTrack\venv\Lib\site-packages\django\template\defaulttags.py", line 511, in render
    url = reverse(view_name, args=args, kwargs=kwargs, current_app=current_app)
          ^^^^^^^^^^^^^^^^^^^^^^^^^^^^^^^^^^^^^^^^^^^^^^^^^^^^^^^^^^^^^^^^^^^^^
  File "D:\prog\Mini Project\dealTrack\venv\Lib\site-packages\django\urls\base.py", line 98, in reverse
    resolved_url = resolver._reverse_with_prefix(view, prefix, *args, **kwargs)
                   ^^^^^^^^^^^^^^^^^^^^^^^^^^^^^^^^^^^^^^^^^^^^^^^^^^^^^^^^^^^^
  File "D:\prog\Mini Project\dealTrack\venv\Lib\site-packages\django\urls\resolvers.py", line 842, in _reverse_with_prefix
    raise NoReverseMatch(msg)
django.urls.exceptions.NoReverseMatch: Reverse for 'edit_profile' not found. 'edit_profile' is not a valid view function or pattern name.
ERROR 2026-04-25 02:40:36,084 log "GET /settings/ HTTP/1.1" 500 173227
ERROR 2026-04-26 10:38:00,885 log Internal Server Error: /profile/
Traceback (most recent call last):
  File "D:\prog\Mini Project\dealTrack\venv\Lib\site-packages\django\template\base.py", line 577, in parse
    compile_func = self.tags[command]
                   ~~~~~~~~~^^^^^^^^^
KeyError: 'else'

During handling of the above exception, another exception occurred:

Traceback (most recent call last):
  File "D:\prog\Mini Project\dealTrack\venv\Lib\site-packages\django\core\handlers\exception.py", line 55, in inner
    response = get_response(request)
               ^^^^^^^^^^^^^^^^^^^^^
  File "D:\prog\Mini Project\dealTrack\venv\Lib\site-packages\django\core\handlers\base.py", line 198, in _get_response
    response = wrapped_callback(request, *callback_args, **callback_kwargs)
               ^^^^^^^^^^^^^^^^^^^^^^^^^^^^^^^^^^^^^^^^^^^^^^^^^^^^^^^^^^^^
  File "D:\prog\Mini Project\dealTrack\venv\Lib\site-packages\django\contrib\auth\decorators.py", line 59, in _view_wrapper
    return view_func(request, *args, **kwargs)
           ^^^^^^^^^^^^^^^^^^^^^^^^^^^^^^^^^^^
  File "D:\prog\Mini Project\dealTrack\showroom\views.py", line 112, in profile_view
    return render(request, 'settings.html')
           ^^^^^^^^^^^^^^^^^^^^^^^^^^^^^^^^
  File "D:\prog\Mini Project\dealTrack\venv\Lib\site-packages\django\shortcuts.py", line 25, in render
    content = loader.render_to_string(template_name, context, request, using=using)
              ^^^^^^^^^^^^^^^^^^^^^^^^^^^^^^^^^^^^^^^^^^^^^^^^^^^^^^^^^^^^^^^^^^^^^
  File "D:\prog\Mini Project\dealTrack\venv\Lib\site-packages\django\template\loader.py", line 61, in render_to_string
    template = get_template(template_name, using=using)
               ^^^^^^^^^^^^^^^^^^^^^^^^^^^^^^^^^^^^^^^^
  File "D:\prog\Mini Project\dealTrack\venv\Lib\site-packages\django\template\loader.py", line 15, in get_template
    return engine.get_template(template_name)
           ^^^^^^^^^^^^^^^^^^^^^^^^^^^^^^^^^^
  File "D:\prog\Mini Project\dealTrack\venv\Lib\site-packages\django\template\backends\django.py", line 79, in get_template
    return Template(self.engine.get_template(template_name), self)
                    ^^^^^^^^^^^^^^^^^^^^^^^^^^^^^^^^^^^^^^^
  File "D:\prog\Mini Project\dealTrack\venv\Lib\site-packages\django\template\engine.py", line 186, in get_template
    template, origin = self.find_template(template_name)
                       ^^^^^^^^^^^^^^^^^^^^^^^^^^^^^^^^^
  File "D:\prog\Mini Project\dealTrack\venv\Lib\site-packages\django\template\engine.py", line 159, in find_template
    template = loader.get_template(name, skip=skip)
               ^^^^^^^^^^^^^^^^^^^^^^^^^^^^^^^^^^^^
  File "D:\prog\Mini Project\dealTrack\venv\Lib\site-packages\django\template\loaders\cached.py", line 57, in get_template
    template = super().get_template(template_name, skip)
               ^^^^^^^^^^^^^^^^^^^^^^^^^^^^^^^^^^^^^^^^^
  File "D:\prog\Mini Project\dealTrack\venv\Lib\site-packages\django\template\loaders\base.py", line 28, in get_template
    return Template(
           ^^^^^^^^^
  File "D:\prog\Mini Project\dealTrack\venv\Lib\site-packages\django\template\base.py", line 157, in __init__
    self.nodelist = self.compile_nodelist()
                    ^^^^^^^^^^^^^^^^^^^^^^^
  File "D:\prog\Mini Project\dealTrack\venv\Lib\site-packages\django\template\base.py", line 199, in compile_nodelist
    nodelist = parser.parse()
               ^^^^^^^^^^^^^^
  File "D:\prog\Mini Project\dealTrack\venv\Lib\site-packages\django\template\base.py", line 585, in parse
    raise self.error(token, e)
  File "D:\prog\Mini Project\dealTrack\venv\Lib\site-packages\django\template\base.py", line 583, in parse
    compiled_result = compile_func(self, token)
                      ^^^^^^^^^^^^^^^^^^^^^^^^^
  File "D:\prog\Mini Project\dealTrack\venv\Lib\site-packages\django\template\loader_tags.py", line 307, in do_extends
    nodelist = parser.parse()
               ^^^^^^^^^^^^^^
  File "D:\prog\Mini Project\dealTrack\venv\Lib\site-packages\django\template\base.py", line 585, in parse
    raise self.error(token, e)
  File "D:\prog\Mini Project\dealTrack\venv\Lib\site-packages\django\template\base.py", line 583, in parse
    compiled_result = compile_func(self, token)
                      ^^^^^^^^^^^^^^^^^^^^^^^^^
  File "D:\prog\Mini Project\dealTrack\venv\Lib\site-packages\django\template\loader_tags.py", line 235, in do_block
    nodelist = parser.parse(("endblock",))
               ^^^^^^^^^^^^^^^^^^^^^^^^^^^
  File "D:\prog\Mini Project\dealTrack\venv\Lib\site-packages\django\template\base.py", line 579, in parse
    self.invalid_block_tag(token, command, parse_until)
  File "D:\prog\Mini Project\dealTrack\venv\Lib\site-packages\django\template\base.py", line 634, in invalid_block_tag
    raise self.error(
django.template.exceptions.TemplateSyntaxError: Template: D:\prog\Mini Project\dealTrack\templates\settings.html, Invalid block tag on line 158: 'else', expected 'endblock'. Did you forget to register or load this tag?
ERROR 2026-04-26 10:38:00,910 log "GET /profile/ HTTP/1.1" 500 205126
ERROR 2026-04-26 19:21:20,296 log Internal Server Error: /superAdmin/dashboard/
Traceback (most recent call last):
  File "D:\prog\Mini Project\dealTrack\venv\Lib\site-packages\django\core\handlers\exception.py", line 55, in inner
    response = get_response(request)
               ^^^^^^^^^^^^^^^^^^^^^
  File "D:\prog\Mini Project\dealTrack\venv\Lib\site-packages\django\core\handlers\base.py", line 198, in _get_response
    response = wrapped_callback(request, *callback_args, **callback_kwargs)
               ^^^^^^^^^^^^^^^^^^^^^^^^^^^^^^^^^^^^^^^^^^^^^^^^^^^^^^^^^^^^
  File "D:\prog\Mini Project\dealTrack\venv\Lib\site-packages\django\contrib\auth\decorators.py", line 59, in _view_wrapper
    return view_func(request, *args, **kwargs)
           ^^^^^^^^^^^^^^^^^^^^^^^^^^^^^^^^^^^
  File "D:\prog\Mini Project\dealTrack\super_admin\views.py", line 41, in superAdminDashboard
    return render(request, "super_admin/dashboard.html", context)
           ^^^^^^^^^^^^^^^^^^^^^^^^^^^^^^^^^^^^^^^^^^^^^^^^^^^^^^
  File "D:\prog\Mini Project\dealTrack\venv\Lib\site-packages\django\shortcuts.py", line 25, in render
    content = loader.render_to_string(template_name, context, request, using=using)
              ^^^^^^^^^^^^^^^^^^^^^^^^^^^^^^^^^^^^^^^^^^^^^^^^^^^^^^^^^^^^^^^^^^^^^
  File "D:\prog\Mini Project\dealTrack\venv\Lib\site-packages\django\template\loader.py", line 62, in render_to_string
    return template.render(context, request)
           ^^^^^^^^^^^^^^^^^^^^^^^^^^^^^^^^^
  File "D:\prog\Mini Project\dealTrack\venv\Lib\site-packages\django\template\backends\django.py", line 107, in render
    return self.template.render(context)
           ^^^^^^^^^^^^^^^^^^^^^^^^^^^^^
  File "D:\prog\Mini Project\dealTrack\venv\Lib\site-packages\django\template\base.py", line 174, in render
    return self._render(context)
           ^^^^^^^^^^^^^^^^^^^^^
  File "D:\prog\Mini Project\dealTrack\venv\Lib\site-packages\django\template\base.py", line 166, in _render
    return self.nodelist.render(context)
           ^^^^^^^^^^^^^^^^^^^^^^^^^^^^^
  File "D:\prog\Mini Project\dealTrack\venv\Lib\site-packages\django\template\base.py", line 1091, in render
    return SafeString("".join([node.render_annotated(context) for node in self]))
                               ^^^^^^^^^^^^^^^^^^^^^^^^^^^^^^
  File "D:\prog\Mini Project\dealTrack\venv\Lib\site-packages\django\template\base.py", line 1052, in render_annotated
    return self.render(context)
           ^^^^^^^^^^^^^^^^^^^^
  File "D:\prog\Mini Project\dealTrack\venv\Lib\site-packages\django\template\defaulttags.py", line 249, in render
    nodelist.append(node.render_annotated(context))
                    ^^^^^^^^^^^^^^^^^^^^^^^^^^^^^^
  File "D:\prog\Mini Project\dealTrack\venv\Lib\site-packages\django\template\base.py", line 1052, in render_annotated
    return self.render(context)
           ^^^^^^^^^^^^^^^^^^^^
  File "D:\prog\Mini Project\dealTrack\venv\Lib\site-packages\django\template\defaulttags.py", line 511, in render
    url = reverse(view_name, args=args, kwargs=kwargs, current_app=current_app)
          ^^^^^^^^^^^^^^^^^^^^^^^^^^^^^^^^^^^^^^^^^^^^^^^^^^^^^^^^^^^^^^^^^^^^^
  File "D:\prog\Mini Project\dealTrack\venv\Lib\site-packages\django\urls\base.py", line 98, in reverse
    resolved_url = resolver._reverse_with_prefix(view, prefix, *args, **kwargs)
                   ^^^^^^^^^^^^^^^^^^^^^^^^^^^^^^^^^^^^^^^^^^^^^^^^^^^^^^^^^^^^
  File "D:\prog\Mini Project\dealTrack\venv\Lib\site-packages\django\urls\resolvers.py", line 842, in _reverse_with_prefix
    raise NoReverseMatch(msg)
django.urls.exceptions.NoReverseMatch: Reverse for 'toggle_showroom_status' not found. 'toggle_showroom_status' is not a valid view function or pattern name.
ERROR 2026-04-26 19:21:20,307 log "GET /superAdmin/dashboard/ HTTP/1.1" 500 148973
ERROR 2026-04-26 19:26:41,326 log Internal Server Error: /superAdmin/dashboard/
Traceback (most recent call last):
  File "D:\prog\Mini Project\dealTrack\venv\Lib\site-packages\django\core\handlers\exception.py", line 55, in inner
    response = get_response(request)
               ^^^^^^^^^^^^^^^^^^^^^
  File "D:\prog\Mini Project\dealTrack\venv\Lib\site-packages\django\core\handlers\base.py", line 198, in _get_response
    response = wrapped_callback(request, *callback_args, **callback_kwargs)
               ^^^^^^^^^^^^^^^^^^^^^^^^^^^^^^^^^^^^^^^^^^^^^^^^^^^^^^^^^^^^
  File "D:\prog\Mini Project\dealTrack\venv\Lib\site-packages\django\contrib\auth\decorators.py", line 59, in _view_wrapper
    return view_func(request, *args, **kwargs)
           ^^^^^^^^^^^^^^^^^^^^^^^^^^^^^^^^^^^
  File "D:\prog\Mini Project\dealTrack\super_admin\views.py", line 43, in superAdminDashboard
    return render(request, "super_admin/dashboard.html", context)
           ^^^^^^^^^^^^^^^^^^^^^^^^^^^^^^^^^^^^^^^^^^^^^^^^^^^^^^
  File "D:\prog\Mini Project\dealTrack\venv\Lib\site-packages\django\shortcuts.py", line 25, in render
    content = loader.render_to_string(template_name, context, request, using=using)
              ^^^^^^^^^^^^^^^^^^^^^^^^^^^^^^^^^^^^^^^^^^^^^^^^^^^^^^^^^^^^^^^^^^^^^
  File "D:\prog\Mini Project\dealTrack\venv\Lib\site-packages\django\template\loader.py", line 62, in render_to_string
    return template.render(context, request)
           ^^^^^^^^^^^^^^^^^^^^^^^^^^^^^^^^^
  File "D:\prog\Mini Project\dealTrack\venv\Lib\site-packages\django\template\backends\django.py", line 107, in render
    return self.template.render(context)
           ^^^^^^^^^^^^^^^^^^^^^^^^^^^^^
  File "D:\prog\Mini Project\dealTrack\venv\Lib\site-packages\django\template\base.py", line 174, in render
    return self._render(context)
           ^^^^^^^^^^^^^^^^^^^^^
  File "D:\prog\Mini Project\dealTrack\venv\Lib\site-packages\django\template\base.py", line 166, in _render
    return self.nodelist.render(context)
           ^^^^^^^^^^^^^^^^^^^^^^^^^^^^^
  File "D:\prog\Mini Project\dealTrack\venv\Lib\site-packages\django\template\base.py", line 1091, in render
    return SafeString("".join([node.render_annotated(context) for node in self]))
                               ^^^^^^^^^^^^^^^^^^^^^^^^^^^^^^
  File "D:\prog\Mini Project\dealTrack\venv\Lib\site-packages\django\template\base.py", line 1052, in render_annotated
    return self.render(context)
           ^^^^^^^^^^^^^^^^^^^^
  File "D:\prog\Mini Project\dealTrack\venv\Lib\site-packages\django\template\defaulttags.py", line 249, in render
    nodelist.append(node.render_annotated(context))
                    ^^^^^^^^^^^^^^^^^^^^^^^^^^^^^^
  File "D:\prog\Mini Project\dealTrack\venv\Lib\site-packages\django\template\base.py", line 1052, in render_annotated
    return self.render(context)
           ^^^^^^^^^^^^^^^^^^^^
  File "D:\prog\Mini Project\dealTrack\venv\Lib\site-packages\django\template\defaulttags.py", line 511, in render
    url = reverse(view_name, args=args, kwargs=kwargs, current_app=current_app)
          ^^^^^^^^^^^^^^^^^^^^^^^^^^^^^^^^^^^^^^^^^^^^^^^^^^^^^^^^^^^^^^^^^^^^^
  File "D:\prog\Mini Project\dealTrack\venv\Lib\site-packages\django\urls\base.py", line 98, in reverse
    resolved_url = resolver._reverse_with_prefix(view, prefix, *args, **kwargs)
                   ^^^^^^^^^^^^^^^^^^^^^^^^^^^^^^^^^^^^^^^^^^^^^^^^^^^^^^^^^^^^
  File "D:\prog\Mini Project\dealTrack\venv\Lib\site-packages\django\urls\resolvers.py", line 842, in _reverse_with_prefix
    raise NoReverseMatch(msg)
django.urls.exceptions.NoReverseMatch: Reverse for 'toggle_showroom_status' with arguments '('',)' not found. 1 pattern(s) tried: ['superAdmin/toggle\\-showroom\\-status/(?P<showroom_id>[0-9]+)/\\Z']
ERROR 2026-04-26 19:26:41,331 log "GET /superAdmin/dashboard/ HTTP/1.1" 500 153419
ERROR 2026-04-26 19:32:53,745 log Internal Server Error: /superAdmin/toggle-showroom-status/6/
Traceback (most recent call last):
  File "D:\prog\Mini Project\dealTrack\venv\Lib\site-packages\django\core\handlers\exception.py", line 55, in inner
    response = get_response(request)
               ^^^^^^^^^^^^^^^^^^^^^
  File "D:\prog\Mini Project\dealTrack\venv\Lib\site-packages\django\core\handlers\base.py", line 198, in _get_response
    response = wrapped_callback(request, *callback_args, **callback_kwargs)
               ^^^^^^^^^^^^^^^^^^^^^^^^^^^^^^^^^^^^^^^^^^^^^^^^^^^^^^^^^^^^
  File "D:\prog\Mini Project\dealTrack\venv\Lib\site-packages\django\contrib\auth\decorators.py", line 59, in _view_wrapper
    return view_func(request, *args, **kwargs)
           ^^^^^^^^^^^^^^^^^^^^^^^^^^^^^^^^^^^
  File "D:\prog\Mini Project\dealTrack\super_admin\views.py", line 68, in toggle_showroom_status
    messages.success(request, f"Showroom {showroom.showroom_name|default:showroom.username} has been {status}.")
                                                                 ^^^^^^^
NameError: name 'default' is not defined
ERROR 2026-04-26 19:32:53,750 log "POST /superAdmin/toggle-showroom-status/6/ HTTP/1.1" 500 78905
ERROR 2026-04-26 19:56:20,011 log Internal Server Error: /superAdmin/toggle-showroom-status/6/
Traceback (most recent call last):
  File "D:\prog\Mini Project\dealTrack\venv\Lib\site-packages\django\core\handlers\exception.py", line 55, in inner
    response = get_response(request)
               ^^^^^^^^^^^^^^^^^^^^^
  File "D:\prog\Mini Project\dealTrack\venv\Lib\site-packages\django\core\handlers\base.py", line 198, in _get_response
    response = wrapped_callback(request, *callback_args, **callback_kwargs)
               ^^^^^^^^^^^^^^^^^^^^^^^^^^^^^^^^^^^^^^^^^^^^^^^^^^^^^^^^^^^^
  File "D:\prog\Mini Project\dealTrack\venv\Lib\site-packages\django\contrib\auth\decorators.py", line 59, in _view_wrapper
    return view_func(request, *args, **kwargs)
           ^^^^^^^^^^^^^^^^^^^^^^^^^^^^^^^^^^^
  File "D:\prog\Mini Project\dealTrack\super_admin\views.py", line 77, in toggle_showroom_status
    messages.success(request, f"Showroom {showroom.showroom_name|default:showroom.username} has been {status}.")
                                                                 ^^^^^^^
NameError: name 'default' is not defined
ERROR 2026-04-26 19:56:20,028 log "POST /superAdmin/toggle-showroom-status/6/ HTTP/1.1" 500 79424
ERROR 2026-04-26 19:56:39,259 log Internal Server Error: /superAdmin/settings/
Traceback (most recent call last):
  File "D:\prog\Mini Project\dealTrack\venv\Lib\site-packages\django\db\backends\utils.py", line 105, in _execute
    return self.cursor.execute(sql, params)
           ^^^^^^^^^^^^^^^^^^^^^^^^^^^^^^^^
  File "D:\prog\Mini Project\dealTrack\venv\Lib\site-packages\django\db\backends\mysql\base.py", line 78, in execute
    return self.cursor.execute(query, args)
           ^^^^^^^^^^^^^^^^^^^^^^^^^^^^^^^^
  File "D:\prog\Mini Project\dealTrack\venv\Lib\site-packages\MySQLdb\cursors.py", line 179, in execute
    res = self._query(mogrified_query)
          ^^^^^^^^^^^^^^^^^^^^^^^^^^^^
  File "D:\prog\Mini Project\dealTrack\venv\Lib\site-packages\MySQLdb\cursors.py", line 330, in _query
    db.query(q)
  File "D:\prog\Mini Project\dealTrack\venv\Lib\site-packages\MySQLdb\connections.py", line 286, in query
    _mysql.connection.query(self, query)
MySQLdb.ProgrammingError: (1146, "Table 'dealtrack_db.admin_settings' doesn't exist")

The above exception was the direct cause of the following exception:

Traceback (most recent call last):
  File "D:\prog\Mini Project\dealTrack\venv\Lib\site-packages\django\core\handlers\exception.py", line 55, in inner
    response = get_response(request)
               ^^^^^^^^^^^^^^^^^^^^^
  File "D:\prog\Mini Project\dealTrack\venv\Lib\site-packages\django\core\handlers\base.py", line 198, in _get_response
    response = wrapped_callback(request, *callback_args, **callback_kwargs)
               ^^^^^^^^^^^^^^^^^^^^^^^^^^^^^^^^^^^^^^^^^^^^^^^^^^^^^^^^^^^^
  File "D:\prog\Mini Project\dealTrack\venv\Lib\site-packages\django\contrib\auth\decorators.py", line 59, in _view_wrapper
    return view_func(request, *args, **kwargs)
           ^^^^^^^^^^^^^^^^^^^^^^^^^^^^^^^^^^^
  File "D:\prog\Mini Project\dealTrack\super_admin\views.py", line 349, in settings_page
    admin_settings = AdminSettings.get_settings()
                     ^^^^^^^^^^^^^^^^^^^^^^^^^^^^
  File "D:\prog\Mini Project\dealTrack\super_admin\models.py", line 46, in get_settings
    settings, created = cls.objects.get_or_create(pk=1)
                        ^^^^^^^^^^^^^^^^^^^^^^^^^^^^^^^
  File "D:\prog\Mini Project\dealTrack\venv\Lib\site-packages\django\db\models\manager.py", line 87, in manager_method
    return getattr(self.get_queryset(), name)(*args, **kwargs)
           ^^^^^^^^^^^^^^^^^^^^^^^^^^^^^^^^^^^^^^^^^^^^^^^^^^^
  File "D:\prog\Mini Project\dealTrack\venv\Lib\site-packages\django\db\models\query.py", line 987, in get_or_create
    return self.get(**kwargs), False
           ^^^^^^^^^^^^^^^^^^
  File "D:\prog\Mini Project\dealTrack\venv\Lib\site-packages\django\db\models\query.py", line 635, in get
    num = len(clone)
          ^^^^^^^^^^
  File "D:\prog\Mini Project\dealTrack\venv\Lib\site-packages\django\db\models\query.py", line 372, in __len__
    self._fetch_all()
  File "D:\prog\Mini Project\dealTrack\venv\Lib\site-packages\django\db\models\query.py", line 2000, in _fetch_all
    self._result_cache = list(self._iterable_class(self))
                         ^^^^^^^^^^^^^^^^^^^^^^^^^^^^^^^^
  File "D:\prog\Mini Project\dealTrack\venv\Lib\site-packages\django\db\models\query.py", line 95, in __iter__
    results = compiler.execute_sql(
              ^^^^^^^^^^^^^^^^^^^^^
  File "D:\prog\Mini Project\dealTrack\venv\Lib\site-packages\django\db\models\sql\compiler.py", line 1624, in execute_sql
    cursor.execute(sql, params)
  File "D:\prog\Mini Project\dealTrack\venv\Lib\site-packages\django\db\backends\utils.py", line 122, in execute
    return super().execute(sql, params)
           ^^^^^^^^^^^^^^^^^^^^^^^^^^^^
  File "D:\prog\Mini Project\dealTrack\venv\Lib\site-packages\django\db\backends\utils.py", line 79, in execute
    return self._execute_with_wrappers(
           ^^^^^^^^^^^^^^^^^^^^^^^^^^^^
  File "D:\prog\Mini Project\dealTrack\venv\Lib\site-packages\django\db\backends\utils.py", line 92, in _execute_with_wrappers
    return executor(sql, params, many, context)
           ^^^^^^^^^^^^^^^^^^^^^^^^^^^^^^^^^^^^
  File "D:\prog\Mini Project\dealTrack\venv\Lib\site-packages\django\db\backends\utils.py", line 100, in _execute
    with self.db.wrap_database_errors:
  File "D:\prog\Mini Project\dealTrack\venv\Lib\site-packages\django\db\utils.py", line 94, in __exit__
    raise dj_exc_value.with_traceback(traceback) from exc_value
  File "D:\prog\Mini Project\dealTrack\venv\Lib\site-packages\django\db\backends\utils.py", line 105, in _execute
    return self.cursor.execute(sql, params)
           ^^^^^^^^^^^^^^^^^^^^^^^^^^^^^^^^
  File "D:\prog\Mini Project\dealTrack\venv\Lib\site-packages\django\db\backends\mysql\base.py", line 78, in execute
    return self.cursor.execute(query, args)
           ^^^^^^^^^^^^^^^^^^^^^^^^^^^^^^^^
  File "D:\prog\Mini Project\dealTrack\venv\Lib\site-packages\MySQLdb\cursors.py", line 179, in execute
    res = self._query(mogrified_query)
          ^^^^^^^^^^^^^^^^^^^^^^^^^^^^
  File "D:\prog\Mini Project\dealTrack\venv\Lib\site-packages\MySQLdb\cursors.py", line 330, in _query
    db.query(q)
  File "D:\prog\Mini Project\dealTrack\venv\Lib\site-packages\MySQLdb\connections.py", line 286, in query
    _mysql.connection.query(self, query)
django.db.utils.ProgrammingError: (1146, "Table 'dealtrack_db.admin_settings' doesn't exist")
ERROR 2026-04-26 19:56:39,270 log "GET /superAdmin/settings/ HTTP/1.1" 500 184033
ERROR 2026-04-26 23:44:54,866 log Internal Server Error: /vehicles/vehicle/VEH0004
Traceback (most recent call last):
  File "D:\prog\Mini Project\dealTrack\venv\Lib\site-packages\django\core\handlers\exception.py", line 55, in inner
    response = get_response(request)
               ^^^^^^^^^^^^^^^^^^^^^
  File "D:\prog\Mini Project\dealTrack\venv\Lib\site-packages\django\core\handlers\base.py", line 198, in _get_response
    response = wrapped_callback(request, *callback_args, **callback_kwargs)
               ^^^^^^^^^^^^^^^^^^^^^^^^^^^^^^^^^^^^^^^^^^^^^^^^^^^^^^^^^^^^
  File "D:\prog\Mini Project\dealTrack\venv\Lib\site-packages\django\contrib\auth\decorators.py", line 59, in _view_wrapper
    return view_func(request, *args, **kwargs)
           ^^^^^^^^^^^^^^^^^^^^^^^^^^^^^^^^^^^
  File "D:\prog\Mini Project\dealTrack\vehicle\views.py", line 130, in vehicle_detail
    return render(request, "vehicle/vehicle_detail.html", {
           ^^^^^^^^^^^^^^^^^^^^^^^^^^^^^^^^^^^^^^^^^^^^^^^^
  File "D:\prog\Mini Project\dealTrack\venv\Lib\site-packages\django\shortcuts.py", line 25, in render
    content = loader.render_to_string(template_name, context, request, using=using)
              ^^^^^^^^^^^^^^^^^^^^^^^^^^^^^^^^^^^^^^^^^^^^^^^^^^^^^^^^^^^^^^^^^^^^^
  File "D:\prog\Mini Project\dealTrack\venv\Lib\site-packages\django\template\loader.py", line 62, in render_to_string
    return template.render(context, request)
           ^^^^^^^^^^^^^^^^^^^^^^^^^^^^^^^^^
  File "D:\prog\Mini Project\dealTrack\venv\Lib\site-packages\django\template\backends\django.py", line 107, in render
    return self.template.render(context)
           ^^^^^^^^^^^^^^^^^^^^^^^^^^^^^
  File "D:\prog\Mini Project\dealTrack\venv\Lib\site-packages\django\template\base.py", line 174, in render
    return self._render(context)
           ^^^^^^^^^^^^^^^^^^^^^
  File "D:\prog\Mini Project\dealTrack\venv\Lib\site-packages\django\template\base.py", line 166, in _render
    return self.nodelist.render(context)
           ^^^^^^^^^^^^^^^^^^^^^^^^^^^^^
  File "D:\prog\Mini Project\dealTrack\venv\Lib\site-packages\django\template\base.py", line 1091, in render
    return SafeString("".join([node.render_annotated(context) for node in self]))
                               ^^^^^^^^^^^^^^^^^^^^^^^^^^^^^^
  File "D:\prog\Mini Project\dealTrack\venv\Lib\site-packages\django\template\base.py", line 1052, in render_annotated
    return self.render(context)
           ^^^^^^^^^^^^^^^^^^^^
  File "D:\prog\Mini Project\dealTrack\venv\Lib\site-packages\django\template\loader_tags.py", line 160, in render
    return compiled_parent._render(context)
           ^^^^^^^^^^^^^^^^^^^^^^^^^^^^^^^^
  File "D:\prog\Mini Project\dealTrack\venv\Lib\site-packages\django\template\base.py", line 166, in _render
    return self.nodelist.render(context)
           ^^^^^^^^^^^^^^^^^^^^^^^^^^^^^
  File "D:\prog\Mini Project\dealTrack\venv\Lib\site-packages\django\template\base.py", line 1091, in render
    return SafeString("".join([node.render_annotated(context) for node in self]))
                               ^^^^^^^^^^^^^^^^^^^^^^^^^^^^^^
  File "D:\prog\Mini Project\dealTrack\venv\Lib\site-packages\django\template\base.py", line 1052, in render_annotated
    return self.render(context)
           ^^^^^^^^^^^^^^^^^^^^
  File "D:\prog\Mini Project\dealTrack\venv\Lib\site-packages\django\template\loader_tags.py", line 66, in render
    result = block.nodelist.render(context)
             ^^^^^^^^^^^^^^^^^^^^^^^^^^^^^^
  File "D:\prog\Mini Project\dealTrack\venv\Lib\site-packages\django\template\base.py", line 1091, in render
    return SafeString("".join([node.render_annotated(context) for node in self]))
                               ^^^^^^^^^^^^^^^^^^^^^^^^^^^^^^
  File "D:\prog\Mini Project\dealTrack\venv\Lib\site-packages\django\template\base.py", line 1052, in render_annotated
    return self.render(context)
           ^^^^^^^^^^^^^^^^^^^^
  File "D:\prog\Mini Project\dealTrack\venv\Lib\site-packages\django\template\defaulttags.py", line 511, in render
    url = reverse(view_name, args=args, kwargs=kwargs, current_app=current_app)
          ^^^^^^^^^^^^^^^^^^^^^^^^^^^^^^^^^^^^^^^^^^^^^^^^^^^^^^^^^^^^^^^^^^^^^
  File "D:\prog\Mini Project\dealTrack\venv\Lib\site-packages\django\urls\base.py", line 98, in reverse
    resolved_url = resolver._reverse_with_prefix(view, prefix, *args, **kwargs)
                   ^^^^^^^^^^^^^^^^^^^^^^^^^^^^^^^^^^^^^^^^^^^^^^^^^^^^^^^^^^^^
  File "D:\prog\Mini Project\dealTrack\venv\Lib\site-packages\django\urls\resolvers.py", line 842, in _reverse_with_prefix
    raise NoReverseMatch(msg)
django.urls.exceptions.NoReverseMatch: Reverse for 'create_deal' not found. 'create_deal' is not a valid view function or pattern name.
ERROR 2026-04-26 23:44:54,877 log "GET /vehicles/vehicle/VEH0004 HTTP/1.1" 500 175624
ERROR 2026-04-26 23:47:21,725 log Internal Server Error: /vehicles/
Traceback (most recent call last):
  File "D:\prog\Mini Project\dealTrack\venv\Lib\site-packages\django\core\handlers\exception.py", line 55, in inner
    response = get_response(request)
               ^^^^^^^^^^^^^^^^^^^^^
  File "D:\prog\Mini Project\dealTrack\venv\Lib\site-packages\django\core\handlers\base.py", line 221, in _get_response
    response = response.render()
               ^^^^^^^^^^^^^^^^^
  File "D:\prog\Mini Project\dealTrack\venv\Lib\site-packages\django\template\response.py", line 114, in render
    self.content = self.rendered_content
                   ^^^^^^^^^^^^^^^^^^^^^
  File "D:\prog\Mini Project\dealTrack\venv\Lib\site-packages\django\template\response.py", line 92, in rendered_content
    return template.render(context, self._request)
           ^^^^^^^^^^^^^^^^^^^^^^^^^^^^^^^^^^^^^^^
  File "D:\prog\Mini Project\dealTrack\venv\Lib\site-packages\django\template\backends\django.py", line 107, in render
    return self.template.render(context)
           ^^^^^^^^^^^^^^^^^^^^^^^^^^^^^
  File "D:\prog\Mini Project\dealTrack\venv\Lib\site-packages\django\template\base.py", line 174, in render
    return self._render(context)
           ^^^^^^^^^^^^^^^^^^^^^
  File "D:\prog\Mini Project\dealTrack\venv\Lib\site-packages\django\template\base.py", line 166, in _render
    return self.nodelist.render(context)
           ^^^^^^^^^^^^^^^^^^^^^^^^^^^^^
  File "D:\prog\Mini Project\dealTrack\venv\Lib\site-packages\django\template\base.py", line 1091, in render
    return SafeString("".join([node.render_annotated(context) for node in self]))
                               ^^^^^^^^^^^^^^^^^^^^^^^^^^^^^^
  File "D:\prog\Mini Project\dealTrack\venv\Lib\site-packages\django\template\base.py", line 1052, in render_annotated
    return self.render(context)
           ^^^^^^^^^^^^^^^^^^^^
  File "D:\prog\Mini Project\dealTrack\venv\Lib\site-packages\django\template\loader_tags.py", line 160, in render
    return compiled_parent._render(context)
           ^^^^^^^^^^^^^^^^^^^^^^^^^^^^^^^^
  File "D:\prog\Mini Project\dealTrack\venv\Lib\site-packages\django\template\base.py", line 166, in _render
    return self.nodelist.render(context)
           ^^^^^^^^^^^^^^^^^^^^^^^^^^^^^
  File "D:\prog\Mini Project\dealTrack\venv\Lib\site-packages\django\template\base.py", line 1091, in render
    return SafeString("".join([node.render_annotated(context) for node in self]))
                               ^^^^^^^^^^^^^^^^^^^^^^^^^^^^^^
  File "D:\prog\Mini Project\dealTrack\venv\Lib\site-packages\django\template\base.py", line 1052, in render_annotated
    return self.render(context)
           ^^^^^^^^^^^^^^^^^^^^
  File "D:\prog\Mini Project\dealTrack\venv\Lib\site-packages\django\template\defaulttags.py", line 511, in render
    url = reverse(view_name, args=args, kwargs=kwargs, current_app=current_app)
          ^^^^^^^^^^^^^^^^^^^^^^^^^^^^^^^^^^^^^^^^^^^^^^^^^^^^^^^^^^^^^^^^^^^^^
  File "D:\prog\Mini Project\dealTrack\venv\Lib\site-packages\django\urls\base.py", line 98, in reverse
    resolved_url = resolver._reverse_with_prefix(view, prefix, *args, **kwargs)
                   ^^^^^^^^^^^^^^^^^^^^^^^^^^^^^^^^^^^^^^^^^^^^^^^^^^^^^^^^^^^^
  File "D:\prog\Mini Project\dealTrack\venv\Lib\site-packages\django\urls\resolvers.py", line 842, in _reverse_with_prefix
    raise NoReverseMatch(msg)
django.urls.exceptions.NoReverseMatch: Reverse for 'deal' not found. 'deal' is not a valid view function or pattern name.
ERROR 2026-04-26 23:47:21,732 log "GET /vehicles/ HTTP/1.1" 500 149970
ERROR 2026-04-26 23:47:23,883 log Internal Server Error: /dashboard/
Traceback (most recent call last):
  File "D:\prog\Mini Project\dealTrack\venv\Lib\site-packages\django\core\handlers\exception.py", line 55, in inner
    response = get_response(request)
               ^^^^^^^^^^^^^^^^^^^^^
  File "D:\prog\Mini Project\dealTrack\venv\Lib\site-packages\django\core\handlers\base.py", line 198, in _get_response
    response = wrapped_callback(request, *callback_args, **callback_kwargs)
               ^^^^^^^^^^^^^^^^^^^^^^^^^^^^^^^^^^^^^^^^^^^^^^^^^^^^^^^^^^^^
  File "D:\prog\Mini Project\dealTrack\venv\Lib\site-packages\django\contrib\auth\decorators.py", line 59, in _view_wrapper
    return view_func(request, *args, **kwargs)
           ^^^^^^^^^^^^^^^^^^^^^^^^^^^^^^^^^^^
  File "D:\prog\Mini Project\dealTrack\venv\Lib\site-packages\django\views\decorators\cache.py", line 54, in _view_wrapper
    response = viewfunc(request, *args, **kw)
               ^^^^^^^^^^^^^^^^^^^^^^^^^^^^^^
  File "D:\prog\Mini Project\dealTrack\showroom\views.py", line 91, in dashboard
    return render(request, "dashboard.html", {
           ^^^^^^^^^^^^^^^^^^^^^^^^^^^^^^^^^^^
  File "D:\prog\Mini Project\dealTrack\venv\Lib\site-packages\django\shortcuts.py", line 25, in render
    content = loader.render_to_string(template_name, context, request, using=using)
              ^^^^^^^^^^^^^^^^^^^^^^^^^^^^^^^^^^^^^^^^^^^^^^^^^^^^^^^^^^^^^^^^^^^^^
  File "D:\prog\Mini Project\dealTrack\venv\Lib\site-packages\django\template\loader.py", line 62, in render_to_string
    return template.render(context, request)
           ^^^^^^^^^^^^^^^^^^^^^^^^^^^^^^^^^
  File "D:\prog\Mini Project\dealTrack\venv\Lib\site-packages\django\template\backends\django.py", line 107, in render
    return self.template.render(context)
           ^^^^^^^^^^^^^^^^^^^^^^^^^^^^^
  File "D:\prog\Mini Project\dealTrack\venv\Lib\site-packages\django\template\base.py", line 174, in render
    return self._render(context)
           ^^^^^^^^^^^^^^^^^^^^^
  File "D:\prog\Mini Project\dealTrack\venv\Lib\site-packages\django\template\base.py", line 166, in _render
    return self.nodelist.render(context)
           ^^^^^^^^^^^^^^^^^^^^^^^^^^^^^
  File "D:\prog\Mini Project\dealTrack\venv\Lib\site-packages\django\template\base.py", line 1091, in render
    return SafeString("".join([node.render_annotated(context) for node in self]))
                               ^^^^^^^^^^^^^^^^^^^^^^^^^^^^^^
  File "D:\prog\Mini Project\dealTrack\venv\Lib\site-packages\django\template\base.py", line 1052, in render_annotated
    return self.render(context)
           ^^^^^^^^^^^^^^^^^^^^
  File "D:\prog\Mini Project\dealTrack\venv\Lib\site-packages\django\template\loader_tags.py", line 160, in render
    return compiled_parent._render(context)
           ^^^^^^^^^^^^^^^^^^^^^^^^^^^^^^^^
  File "D:\prog\Mini Project\dealTrack\venv\Lib\site-packages\django\template\base.py", line 166, in _render
    return self.nodelist.render(context)
           ^^^^^^^^^^^^^^^^^^^^^^^^^^^^^
  File "D:\prog\Mini Project\dealTrack\venv\Lib\site-packages\django\template\base.py", line 1091, in render
    return SafeString("".join([node.render_annotated(context) for node in self]))
                               ^^^^^^^^^^^^^^^^^^^^^^^^^^^^^^
  File "D:\prog\Mini Project\dealTrack\venv\Lib\site-packages\django\template\base.py", line 1052, in render_annotated
    return self.render(context)
           ^^^^^^^^^^^^^^^^^^^^
  File "D:\prog\Mini Project\dealTrack\venv\Lib\site-packages\django\template\defaulttags.py", line 511, in render
    url = reverse(view_name, args=args, kwargs=kwargs, current_app=current_app)
          ^^^^^^^^^^^^^^^^^^^^^^^^^^^^^^^^^^^^^^^^^^^^^^^^^^^^^^^^^^^^^^^^^^^^^
  File "D:\prog\Mini Project\dealTrack\venv\Lib\site-packages\django\urls\base.py", line 98, in reverse
    resolved_url = resolver._reverse_with_prefix(view, prefix, *args, **kwargs)
                   ^^^^^^^^^^^^^^^^^^^^^^^^^^^^^^^^^^^^^^^^^^^^^^^^^^^^^^^^^^^^
  File "D:\prog\Mini Project\dealTrack\venv\Lib\site-packages\django\urls\resolvers.py", line 842, in _reverse_with_prefix
    raise NoReverseMatch(msg)
django.urls.exceptions.NoReverseMatch: Reverse for 'deal' not found. 'deal' is not a valid view function or pattern name.
ERROR 2026-04-26 23:47:23,889 log "GET /dashboard/ HTTP/1.1" 500 160545
ERROR 2026-04-26 23:47:26,352 log Internal Server Error: /vehicles/vehicle/VEH0002
Traceback (most recent call last):
  File "D:\prog\Mini Project\dealTrack\venv\Lib\site-packages\django\core\handlers\exception.py", line 55, in inner
    response = get_response(request)
               ^^^^^^^^^^^^^^^^^^^^^
  File "D:\prog\Mini Project\dealTrack\venv\Lib\site-packages\django\core\handlers\base.py", line 198, in _get_response
    response = wrapped_callback(request, *callback_args, **callback_kwargs)
               ^^^^^^^^^^^^^^^^^^^^^^^^^^^^^^^^^^^^^^^^^^^^^^^^^^^^^^^^^^^^
  File "D:\prog\Mini Project\dealTrack\venv\Lib\site-packages\django\contrib\auth\decorators.py", line 59, in _view_wrapper
    return view_func(request, *args, **kwargs)
           ^^^^^^^^^^^^^^^^^^^^^^^^^^^^^^^^^^^
  File "D:\prog\Mini Project\dealTrack\vehicle\views.py", line 130, in vehicle_detail
    return render(request, "vehicle/vehicle_detail.html", {
           ^^^^^^^^^^^^^^^^^^^^^^^^^^^^^^^^^^^^^^^^^^^^^^^^
  File "D:\prog\Mini Project\dealTrack\venv\Lib\site-packages\django\shortcuts.py", line 25, in render
    content = loader.render_to_string(template_name, context, request, using=using)
              ^^^^^^^^^^^^^^^^^^^^^^^^^^^^^^^^^^^^^^^^^^^^^^^^^^^^^^^^^^^^^^^^^^^^^
  File "D:\prog\Mini Project\dealTrack\venv\Lib\site-packages\django\template\loader.py", line 62, in render_to_string
    return template.render(context, request)
           ^^^^^^^^^^^^^^^^^^^^^^^^^^^^^^^^^
  File "D:\prog\Mini Project\dealTrack\venv\Lib\site-packages\django\template\backends\django.py", line 107, in render
    return self.template.render(context)
           ^^^^^^^^^^^^^^^^^^^^^^^^^^^^^
  File "D:\prog\Mini Project\dealTrack\venv\Lib\site-packages\django\template\base.py", line 174, in render
    return self._render(context)
           ^^^^^^^^^^^^^^^^^^^^^
  File "D:\prog\Mini Project\dealTrack\venv\Lib\site-packages\django\template\base.py", line 166, in _render
    return self.nodelist.render(context)
           ^^^^^^^^^^^^^^^^^^^^^^^^^^^^^
  File "D:\prog\Mini Project\dealTrack\venv\Lib\site-packages\django\template\base.py", line 1091, in render
    return SafeString("".join([node.render_annotated(context) for node in self]))
                               ^^^^^^^^^^^^^^^^^^^^^^^^^^^^^^
  File "D:\prog\Mini Project\dealTrack\venv\Lib\site-packages\django\template\base.py", line 1052, in render_annotated
    return self.render(context)
           ^^^^^^^^^^^^^^^^^^^^
  File "D:\prog\Mini Project\dealTrack\venv\Lib\site-packages\django\template\loader_tags.py", line 160, in render
    return compiled_parent._render(context)
           ^^^^^^^^^^^^^^^^^^^^^^^^^^^^^^^^
  File "D:\prog\Mini Project\dealTrack\venv\Lib\site-packages\django\template\base.py", line 166, in _render
    return self.nodelist.render(context)
           ^^^^^^^^^^^^^^^^^^^^^^^^^^^^^
  File "D:\prog\Mini Project\dealTrack\venv\Lib\site-packages\django\template\base.py", line 1091, in render
    return SafeString("".join([node.render_annotated(context) for node in self]))
                               ^^^^^^^^^^^^^^^^^^^^^^^^^^^^^^
  File "D:\prog\Mini Project\dealTrack\venv\Lib\site-packages\django\template\base.py", line 1052, in render_annotated
    return self.render(context)
           ^^^^^^^^^^^^^^^^^^^^
  File "D:\prog\Mini Project\dealTrack\venv\Lib\site-packages\django\template\defaulttags.py", line 511, in render
    url = reverse(view_name, args=args, kwargs=kwargs, current_app=current_app)
          ^^^^^^^^^^^^^^^^^^^^^^^^^^^^^^^^^^^^^^^^^^^^^^^^^^^^^^^^^^^^^^^^^^^^^
  File "D:\prog\Mini Project\dealTrack\venv\Lib\site-packages\django\urls\base.py", line 98, in reverse
    resolved_url = resolver._reverse_with_prefix(view, prefix, *args, **kwargs)
                   ^^^^^^^^^^^^^^^^^^^^^^^^^^^^^^^^^^^^^^^^^^^^^^^^^^^^^^^^^^^^
  File "D:\prog\Mini Project\dealTrack\venv\Lib\site-packages\django\urls\resolvers.py", line 842, in _reverse_with_prefix
    raise NoReverseMatch(msg)
django.urls.exceptions.NoReverseMatch: Reverse for 'deal' not found. 'deal' is not a valid view function or pattern name.
ERROR 2026-04-26 23:47:26,357 log "GET /vehicles/vehicle/VEH0002 HTTP/1.1" 500 153888
ERROR 2026-04-26 23:47:37,676 log Internal Server Error: /vehicles/
Traceback (most recent call last):
  File "D:\prog\Mini Project\dealTrack\venv\Lib\site-packages\django\core\handlers\exception.py", line 55, in inner
    response = get_response(request)
               ^^^^^^^^^^^^^^^^^^^^^
  File "D:\prog\Mini Project\dealTrack\venv\Lib\site-packages\django\core\handlers\base.py", line 221, in _get_response
    response = response.render()
               ^^^^^^^^^^^^^^^^^
  File "D:\prog\Mini Project\dealTrack\venv\Lib\site-packages\django\template\response.py", line 114, in render
    self.content = self.rendered_content
                   ^^^^^^^^^^^^^^^^^^^^^
  File "D:\prog\Mini Project\dealTrack\venv\Lib\site-packages\django\template\response.py", line 92, in rendered_content
    return template.render(context, self._request)
           ^^^^^^^^^^^^^^^^^^^^^^^^^^^^^^^^^^^^^^^
  File "D:\prog\Mini Project\dealTrack\venv\Lib\site-packages\django\template\backends\django.py", line 107, in render
    return self.template.render(context)
           ^^^^^^^^^^^^^^^^^^^^^^^^^^^^^
  File "D:\prog\Mini Project\dealTrack\venv\Lib\site-packages\django\template\base.py", line 174, in render
    return self._render(context)
           ^^^^^^^^^^^^^^^^^^^^^
  File "D:\prog\Mini Project\dealTrack\venv\Lib\site-packages\django\template\base.py", line 166, in _render
    return self.nodelist.render(context)
           ^^^^^^^^^^^^^^^^^^^^^^^^^^^^^
  File "D:\prog\Mini Project\dealTrack\venv\Lib\site-packages\django\template\base.py", line 1091, in render
    return SafeString("".join([node.render_annotated(context) for node in self]))
                               ^^^^^^^^^^^^^^^^^^^^^^^^^^^^^^
  File "D:\prog\Mini Project\dealTrack\venv\Lib\site-packages\django\template\base.py", line 1052, in render_annotated
    return self.render(context)
           ^^^^^^^^^^^^^^^^^^^^
  File "D:\prog\Mini Project\dealTrack\venv\Lib\site-packages\django\template\loader_tags.py", line 160, in render
    return compiled_parent._render(context)
           ^^^^^^^^^^^^^^^^^^^^^^^^^^^^^^^^
  File "D:\prog\Mini Project\dealTrack\venv\Lib\site-packages\django\template\base.py", line 166, in _render
    return self.nodelist.render(context)
           ^^^^^^^^^^^^^^^^^^^^^^^^^^^^^
  File "D:\prog\Mini Project\dealTrack\venv\Lib\site-packages\django\template\base.py", line 1091, in render
    return SafeString("".join([node.render_annotated(context) for node in self]))
                               ^^^^^^^^^^^^^^^^^^^^^^^^^^^^^^
  File "D:\prog\Mini Project\dealTrack\venv\Lib\site-packages\django\template\base.py", line 1052, in render_annotated
    return self.render(context)
           ^^^^^^^^^^^^^^^^^^^^
  File "D:\prog\Mini Project\dealTrack\venv\Lib\site-packages\django\template\defaulttags.py", line 511, in render
    url = reverse(view_name, args=args, kwargs=kwargs, current_app=current_app)
          ^^^^^^^^^^^^^^^^^^^^^^^^^^^^^^^^^^^^^^^^^^^^^^^^^^^^^^^^^^^^^^^^^^^^^
  File "D:\prog\Mini Project\dealTrack\venv\Lib\site-packages\django\urls\base.py", line 98, in reverse
    resolved_url = resolver._reverse_with_prefix(view, prefix, *args, **kwargs)
                   ^^^^^^^^^^^^^^^^^^^^^^^^^^^^^^^^^^^^^^^^^^^^^^^^^^^^^^^^^^^^
  File "D:\prog\Mini Project\dealTrack\venv\Lib\site-packages\django\urls\resolvers.py", line 842, in _reverse_with_prefix
    raise NoReverseMatch(msg)
django.urls.exceptions.NoReverseMatch: Reverse for 'deal' not found. 'deal' is not a valid view function or pattern name.
ERROR 2026-04-26 23:47:37,676 log "GET /vehicles/ HTTP/1.1" 500 150098
ERROR 2026-04-26 23:47:41,319 log Internal Server Error: /vehicles/vehicle/edit/VEH0004/
Traceback (most recent call last):
  File "D:\prog\Mini Project\dealTrack\venv\Lib\site-packages\django\core\handlers\exception.py", line 55, in inner
    response = get_response(request)
               ^^^^^^^^^^^^^^^^^^^^^
  File "D:\prog\Mini Project\dealTrack\venv\Lib\site-packages\django\core\handlers\base.py", line 198, in _get_response
    response = wrapped_callback(request, *callback_args, **callback_kwargs)
               ^^^^^^^^^^^^^^^^^^^^^^^^^^^^^^^^^^^^^^^^^^^^^^^^^^^^^^^^^^^^
  File "D:\prog\Mini Project\dealTrack\venv\Lib\site-packages\django\contrib\auth\decorators.py", line 59, in _view_wrapper
    return view_func(request, *args, **kwargs)
           ^^^^^^^^^^^^^^^^^^^^^^^^^^^^^^^^^^^
  File "D:\prog\Mini Project\dealTrack\vehicle\views.py", line 104, in edit_vehicle
    return render(request, "vehicle/edit_vehicle.html", {
           ^^^^^^^^^^^^^^^^^^^^^^^^^^^^^^^^^^^^^^^^^^^^^^
  File "D:\prog\Mini Project\dealTrack\venv\Lib\site-packages\django\shortcuts.py", line 25, in render
    content = loader.render_to_string(template_name, context, request, using=using)
              ^^^^^^^^^^^^^^^^^^^^^^^^^^^^^^^^^^^^^^^^^^^^^^^^^^^^^^^^^^^^^^^^^^^^^
  File "D:\prog\Mini Project\dealTrack\venv\Lib\site-packages\django\template\loader.py", line 62, in render_to_string
    return template.render(context, request)
           ^^^^^^^^^^^^^^^^^^^^^^^^^^^^^^^^^
  File "D:\prog\Mini Project\dealTrack\venv\Lib\site-packages\django\template\backends\django.py", line 107, in render
    return self.template.render(context)
           ^^^^^^^^^^^^^^^^^^^^^^^^^^^^^
  File "D:\prog\Mini Project\dealTrack\venv\Lib\site-packages\django\template\base.py", line 174, in render
    return self._render(context)
           ^^^^^^^^^^^^^^^^^^^^^
  File "D:\prog\Mini Project\dealTrack\venv\Lib\site-packages\django\template\base.py", line 166, in _render
    return self.nodelist.render(context)
           ^^^^^^^^^^^^^^^^^^^^^^^^^^^^^
  File "D:\prog\Mini Project\dealTrack\venv\Lib\site-packages\django\template\base.py", line 1091, in render
    return SafeString("".join([node.render_annotated(context) for node in self]))
                               ^^^^^^^^^^^^^^^^^^^^^^^^^^^^^^
  File "D:\prog\Mini Project\dealTrack\venv\Lib\site-packages\django\template\base.py", line 1052, in render_annotated
    return self.render(context)
           ^^^^^^^^^^^^^^^^^^^^
  File "D:\prog\Mini Project\dealTrack\venv\Lib\site-packages\django\template\loader_tags.py", line 160, in render
    return compiled_parent._render(context)
           ^^^^^^^^^^^^^^^^^^^^^^^^^^^^^^^^
  File "D:\prog\Mini Project\dealTrack\venv\Lib\site-packages\django\template\base.py", line 166, in _render
    return self.nodelist.render(context)
           ^^^^^^^^^^^^^^^^^^^^^^^^^^^^^
  File "D:\prog\Mini Project\dealTrack\venv\Lib\site-packages\django\template\base.py", line 1091, in render
    return SafeString("".join([node.render_annotated(context) for node in self]))
                               ^^^^^^^^^^^^^^^^^^^^^^^^^^^^^^
  File "D:\prog\Mini Project\dealTrack\venv\Lib\site-packages\django\template\base.py", line 1052, in render_annotated
    return self.render(context)
           ^^^^^^^^^^^^^^^^^^^^
  File "D:\prog\Mini Project\dealTrack\venv\Lib\site-packages\django\template\defaulttags.py", line 511, in render
    url = reverse(view_name, args=args, kwargs=kwargs, current_app=current_app)
          ^^^^^^^^^^^^^^^^^^^^^^^^^^^^^^^^^^^^^^^^^^^^^^^^^^^^^^^^^^^^^^^^^^^^^
  File "D:\prog\Mini Project\dealTrack\venv\Lib\site-packages\django\urls\base.py", line 98, in reverse
    resolved_url = resolver._reverse_with_prefix(view, prefix, *args, **kwargs)
                   ^^^^^^^^^^^^^^^^^^^^^^^^^^^^^^^^^^^^^^^^^^^^^^^^^^^^^^^^^^^^
  File "D:\prog\Mini Project\dealTrack\venv\Lib\site-packages\django\urls\resolvers.py", line 842, in _reverse_with_prefix
    raise NoReverseMatch(msg)
django.urls.exceptions.NoReverseMatch: Reverse for 'deal' not found. 'deal' is not a valid view function or pattern name.
ERROR 2026-04-26 23:47:41,324 log "GET /vehicles/vehicle/edit/VEH0004/ HTTP/1.1" 500 153264
ERROR 2026-04-26 23:50:00,105 log Internal Server Error: /vehicles/vehicle/VEH0003
Traceback (most recent call last):
  File "D:\prog\Mini Project\dealTrack\venv\Lib\site-packages\django\core\handlers\exception.py", line 55, in inner
    response = get_response(request)
               ^^^^^^^^^^^^^^^^^^^^^
  File "D:\prog\Mini Project\dealTrack\venv\Lib\site-packages\django\core\handlers\base.py", line 198, in _get_response
    response = wrapped_callback(request, *callback_args, **callback_kwargs)
               ^^^^^^^^^^^^^^^^^^^^^^^^^^^^^^^^^^^^^^^^^^^^^^^^^^^^^^^^^^^^
  File "D:\prog\Mini Project\dealTrack\venv\Lib\site-packages\django\contrib\auth\decorators.py", line 59, in _view_wrapper
    return view_func(request, *args, **kwargs)
           ^^^^^^^^^^^^^^^^^^^^^^^^^^^^^^^^^^^
  File "D:\prog\Mini Project\dealTrack\vehicle\views.py", line 130, in vehicle_detail
    return render(request, "vehicle/vehicle_detail.html", {
           ^^^^^^^^^^^^^^^^^^^^^^^^^^^^^^^^^^^^^^^^^^^^^^^^
  File "D:\prog\Mini Project\dealTrack\venv\Lib\site-packages\django\shortcuts.py", line 25, in render
    content = loader.render_to_string(template_name, context, request, using=using)
              ^^^^^^^^^^^^^^^^^^^^^^^^^^^^^^^^^^^^^^^^^^^^^^^^^^^^^^^^^^^^^^^^^^^^^
  File "D:\prog\Mini Project\dealTrack\venv\Lib\site-packages\django\template\loader.py", line 62, in render_to_string
    return template.render(context, request)
           ^^^^^^^^^^^^^^^^^^^^^^^^^^^^^^^^^
  File "D:\prog\Mini Project\dealTrack\venv\Lib\site-packages\django\template\backends\django.py", line 107, in render
    return self.template.render(context)
           ^^^^^^^^^^^^^^^^^^^^^^^^^^^^^
  File "D:\prog\Mini Project\dealTrack\venv\Lib\site-packages\django\template\base.py", line 174, in render
    return self._render(context)
           ^^^^^^^^^^^^^^^^^^^^^
  File "D:\prog\Mini Project\dealTrack\venv\Lib\site-packages\django\template\base.py", line 166, in _render
    return self.nodelist.render(context)
           ^^^^^^^^^^^^^^^^^^^^^^^^^^^^^
  File "D:\prog\Mini Project\dealTrack\venv\Lib\site-packages\django\template\base.py", line 1091, in render
    return SafeString("".join([node.render_annotated(context) for node in self]))
                               ^^^^^^^^^^^^^^^^^^^^^^^^^^^^^^
  File "D:\prog\Mini Project\dealTrack\venv\Lib\site-packages\django\template\base.py", line 1052, in render_annotated
    return self.render(context)
           ^^^^^^^^^^^^^^^^^^^^
  File "D:\prog\Mini Project\dealTrack\venv\Lib\site-packages\django\template\loader_tags.py", line 160, in render
    return compiled_parent._render(context)
           ^^^^^^^^^^^^^^^^^^^^^^^^^^^^^^^^
  File "D:\prog\Mini Project\dealTrack\venv\Lib\site-packages\django\template\base.py", line 166, in _render
    return self.nodelist.render(context)
           ^^^^^^^^^^^^^^^^^^^^^^^^^^^^^
  File "D:\prog\Mini Project\dealTrack\venv\Lib\site-packages\django\template\base.py", line 1091, in render
    return SafeString("".join([node.render_annotated(context) for node in self]))
                               ^^^^^^^^^^^^^^^^^^^^^^^^^^^^^^
  File "D:\prog\Mini Project\dealTrack\venv\Lib\site-packages\django\template\base.py", line 1052, in render_annotated
    return self.render(context)
           ^^^^^^^^^^^^^^^^^^^^
  File "D:\prog\Mini Project\dealTrack\venv\Lib\site-packages\django\template\loader_tags.py", line 66, in render
    result = block.nodelist.render(context)
             ^^^^^^^^^^^^^^^^^^^^^^^^^^^^^^
  File "D:\prog\Mini Project\dealTrack\venv\Lib\site-packages\django\template\base.py", line 1091, in render
    return SafeString("".join([node.render_annotated(context) for node in self]))
                               ^^^^^^^^^^^^^^^^^^^^^^^^^^^^^^
  File "D:\prog\Mini Project\dealTrack\venv\Lib\site-packages\django\template\base.py", line 1052, in render_annotated
    return self.render(context)
           ^^^^^^^^^^^^^^^^^^^^
  File "D:\prog\Mini Project\dealTrack\venv\Lib\site-packages\django\template\defaulttags.py", line 511, in render
    url = reverse(view_name, args=args, kwargs=kwargs, current_app=current_app)
          ^^^^^^^^^^^^^^^^^^^^^^^^^^^^^^^^^^^^^^^^^^^^^^^^^^^^^^^^^^^^^^^^^^^^^
  File "D:\prog\Mini Project\dealTrack\venv\Lib\site-packages\django\urls\base.py", line 98, in reverse
    resolved_url = resolver._reverse_with_prefix(view, prefix, *args, **kwargs)
                   ^^^^^^^^^^^^^^^^^^^^^^^^^^^^^^^^^^^^^^^^^^^^^^^^^^^^^^^^^^^^
  File "D:\prog\Mini Project\dealTrack\venv\Lib\site-packages\django\urls\resolvers.py", line 842, in _reverse_with_prefix
    raise NoReverseMatch(msg)
django.urls.exceptions.NoReverseMatch: Reverse for 'create_deal' not found. 'create_deal' is not a valid view function or pattern name.
ERROR 2026-04-26 23:50:00,124 log "GET /vehicles/vehicle/VEH0003 HTTP/1.1" 500 175880
ERROR 2026-04-27 00:37:28,250 log Internal Server Error: /expenses/
Traceback (most recent call last):
  File "D:\prog\Mini Project\dealTrack\venv\Lib\site-packages\django\core\handlers\exception.py", line 55, in inner
    response = get_response(request)
               ^^^^^^^^^^^^^^^^^^^^^
  File "D:\prog\Mini Project\dealTrack\venv\Lib\site-packages\django\core\handlers\base.py", line 221, in _get_response
    response = response.render()
               ^^^^^^^^^^^^^^^^^
  File "D:\prog\Mini Project\dealTrack\venv\Lib\site-packages\django\template\response.py", line 114, in render
    self.content = self.rendered_content
                   ^^^^^^^^^^^^^^^^^^^^^
  File "D:\prog\Mini Project\dealTrack\venv\Lib\site-packages\django\template\response.py", line 90, in rendered_content
    template = self.resolve_template(self.template_name)
               ^^^^^^^^^^^^^^^^^^^^^^^^^^^^^^^^^^^^^^^^^
  File "D:\prog\Mini Project\dealTrack\venv\Lib\site-packages\django\template\response.py", line 72, in resolve_template
    return select_template(template, using=self.using)
           ^^^^^^^^^^^^^^^^^^^^^^^^^^^^^^^^^^^^^^^^^^^
  File "D:\prog\Mini Project\dealTrack\venv\Lib\site-packages\django\template\loader.py", line 42, in select_template
    return engine.get_template(template_name)
           ^^^^^^^^^^^^^^^^^^^^^^^^^^^^^^^^^^
  File "D:\prog\Mini Project\dealTrack\venv\Lib\site-packages\django\template\backends\django.py", line 79, in get_template
    return Template(self.engine.get_template(template_name), self)
                    ^^^^^^^^^^^^^^^^^^^^^^^^^^^^^^^^^^^^^^^
  File "D:\prog\Mini Project\dealTrack\venv\Lib\site-packages\django\template\engine.py", line 186, in get_template
    template, origin = self.find_template(template_name)
                       ^^^^^^^^^^^^^^^^^^^^^^^^^^^^^^^^^
  File "D:\prog\Mini Project\dealTrack\venv\Lib\site-packages\django\template\engine.py", line 159, in find_template
    template = loader.get_template(name, skip=skip)
               ^^^^^^^^^^^^^^^^^^^^^^^^^^^^^^^^^^^^
  File "D:\prog\Mini Project\dealTrack\venv\Lib\site-packages\django\template\loaders\cached.py", line 57, in get_template
    template = super().get_template(template_name, skip)
               ^^^^^^^^^^^^^^^^^^^^^^^^^^^^^^^^^^^^^^^^^
  File "D:\prog\Mini Project\dealTrack\venv\Lib\site-packages\django\template\loaders\base.py", line 28, in get_template
    return Template(
           ^^^^^^^^^
  File "D:\prog\Mini Project\dealTrack\venv\Lib\site-packages\django\template\base.py", line 157, in __init__
    self.nodelist = self.compile_nodelist()
                    ^^^^^^^^^^^^^^^^^^^^^^^
  File "D:\prog\Mini Project\dealTrack\venv\Lib\site-packages\django\template\base.py", line 199, in compile_nodelist
    nodelist = parser.parse()
               ^^^^^^^^^^^^^^
  File "D:\prog\Mini Project\dealTrack\venv\Lib\site-packages\django\template\base.py", line 585, in parse
    raise self.error(token, e)
  File "D:\prog\Mini Project\dealTrack\venv\Lib\site-packages\django\template\base.py", line 583, in parse
    compiled_result = compile_func(self, token)
                      ^^^^^^^^^^^^^^^^^^^^^^^^^
  File "D:\prog\Mini Project\dealTrack\venv\Lib\site-packages\django\template\loader_tags.py", line 307, in do_extends
    nodelist = parser.parse()
               ^^^^^^^^^^^^^^
  File "D:\prog\Mini Project\dealTrack\venv\Lib\site-packages\django\template\base.py", line 585, in parse
    raise self.error(token, e)
  File "D:\prog\Mini Project\dealTrack\venv\Lib\site-packages\django\template\base.py", line 583, in parse
    compiled_result = compile_func(self, token)
                      ^^^^^^^^^^^^^^^^^^^^^^^^^
  File "D:\prog\Mini Project\dealTrack\venv\Lib\site-packages\django\template\loader_tags.py", line 235, in do_block
    nodelist = parser.parse(("endblock",))
               ^^^^^^^^^^^^^^^^^^^^^^^^^^^
  File "D:\prog\Mini Project\dealTrack\venv\Lib\site-packages\django\template\base.py", line 556, in parse
    raise self.error(token, e)
  File "D:\prog\Mini Project\dealTrack\venv\Lib\site-packages\django\template\base.py", line 554, in parse
    filter_expression = self.compile_filter(token.contents)
                        ^^^^^^^^^^^^^^^^^^^^^^^^^^^^^^^^^^^
  File "D:\prog\Mini Project\dealTrack\venv\Lib\site-packages\django\template\base.py", line 676, in compile_filter
    return FilterExpression(token, self)
           ^^^^^^^^^^^^^^^^^^^^^^^^^^^^^
  File "D:\prog\Mini Project\dealTrack\venv\Lib\site-packages\django\template\base.py", line 771, in __init__
    filter_func = parser.find_filter(filter_name)
                  ^^^^^^^^^^^^^^^^^^^^^^^^^^^^^^^
  File "D:\prog\Mini Project\dealTrack\venv\Lib\site-packages\django\template\base.py", line 682, in find_filter
    raise TemplateSyntaxError("Invalid filter: '%s'" % filter_name)
django.template.exceptions.TemplateSyntaxError: Template: D:\prog\Mini Project\dealTrack\expense\templates\expense\expense.html, Invalid filter: 'intcomma'
ERROR 2026-04-27 00:37:28,275 log "GET /expenses/ HTTP/1.1" 500 204032
ERROR 2026-04-27 00:46:18,413 log Internal Server Error: /deals/
Traceback (most recent call last):
  File "D:\prog\Mini Project\dealTrack\venv\Lib\site-packages\django\core\handlers\exception.py", line 55, in inner
    response = get_response(request)
               ^^^^^^^^^^^^^^^^^^^^^
  File "D:\prog\Mini Project\dealTrack\venv\Lib\site-packages\django\core\handlers\base.py", line 198, in _get_response
    response = wrapped_callback(request, *callback_args, **callback_kwargs)
               ^^^^^^^^^^^^^^^^^^^^^^^^^^^^^^^^^^^^^^^^^^^^^^^^^^^^^^^^^^^^
  File "D:\prog\Mini Project\dealTrack\venv\Lib\site-packages\django\views\generic\base.py", line 106, in view
    return self.dispatch(request, *args, **kwargs)
           ^^^^^^^^^^^^^^^^^^^^^^^^^^^^^^^^^^^^^^^
  File "D:\prog\Mini Project\dealTrack\venv\Lib\site-packages\django\contrib\auth\mixins.py", line 74, in dispatch
    return super().dispatch(request, *args, **kwargs)
           ^^^^^^^^^^^^^^^^^^^^^^^^^^^^^^^^^^^^^^^^^^
  File "D:\prog\Mini Project\dealTrack\venv\Lib\site-packages\django\views\generic\base.py", line 145, in dispatch
    return handler(request, *args, **kwargs)
           ^^^^^^^^^^^^^^^^^^^^^^^^^^^^^^^^^
  File "D:\prog\Mini Project\dealTrack\venv\Lib\site-packages\django\views\generic\list.py", line 178, in get
    context = self.get_context_data()
              ^^^^^^^^^^^^^^^^^^^^^^^
  File "D:\prog\Mini Project\dealTrack\deal\views.py", line 60, in get_context_data
    context.update(self._calculate_pipeline_metrics(filtered_queryset))
                   ^^^^^^^^^^^^^^^^^^^^^^^^^^^^^^^^^^^^^^^^^^^^^^^^^^^
  File "D:\prog\Mini Project\dealTrack\deal\views.py", line 101, in _calculate_pipeline_metrics
    'close_rate': close_rate.quantize(Decimal('0.1')),
                  ^^^^^^^^^^^^^^^^^^^
AttributeError: 'float' object has no attribute 'quantize'
ERROR 2026-04-27 00:46:18,422 log "GET /deals/ HTTP/1.1" 500 98151
ERROR 2026-04-27 00:46:31,188 log Internal Server Error: /deals/
Traceback (most recent call last):
  File "D:\prog\Mini Project\dealTrack\venv\Lib\site-packages\django\core\handlers\exception.py", line 55, in inner
    response = get_response(request)
               ^^^^^^^^^^^^^^^^^^^^^
  File "D:\prog\Mini Project\dealTrack\venv\Lib\site-packages\django\core\handlers\base.py", line 198, in _get_response
    response = wrapped_callback(request, *callback_args, **callback_kwargs)
               ^^^^^^^^^^^^^^^^^^^^^^^^^^^^^^^^^^^^^^^^^^^^^^^^^^^^^^^^^^^^
  File "D:\prog\Mini Project\dealTrack\venv\Lib\site-packages\django\views\generic\base.py", line 106, in view
    return self.dispatch(request, *args, **kwargs)
           ^^^^^^^^^^^^^^^^^^^^^^^^^^^^^^^^^^^^^^^
  File "D:\prog\Mini Project\dealTrack\venv\Lib\site-packages\django\contrib\auth\mixins.py", line 74, in dispatch
    return super().dispatch(request, *args, **kwargs)
           ^^^^^^^^^^^^^^^^^^^^^^^^^^^^^^^^^^^^^^^^^^
  File "D:\prog\Mini Project\dealTrack\venv\Lib\site-packages\django\views\generic\base.py", line 145, in dispatch
    return handler(request, *args, **kwargs)
           ^^^^^^^^^^^^^^^^^^^^^^^^^^^^^^^^^
  File "D:\prog\Mini Project\dealTrack\venv\Lib\site-packages\django\views\generic\list.py", line 178, in get
    context = self.get_context_data()
              ^^^^^^^^^^^^^^^^^^^^^^^
  File "D:\prog\Mini Project\dealTrack\deal\views.py", line 60, in get_context_data
    context.update(self._calculate_pipeline_metrics(filtered_queryset))
                   ^^^^^^^^^^^^^^^^^^^^^^^^^^^^^^^^^^^^^^^^^^^^^^^^^^^
  File "D:\prog\Mini Project\dealTrack\deal\views.py", line 101, in _calculate_pipeline_metrics
    'close_rate': close_rate.quantize(Decimal('0.1')),
                  ^^^^^^^^^^^^^^^^^^^
AttributeError: 'float' object has no attribute 'quantize'
ERROR 2026-04-27 00:46:31,205 log "GET /deals/ HTTP/1.1" 500 97886
ERROR 2026-04-27 00:48:04,808 log Internal Server Error: /deals/
Traceback (most recent call last):
  File "D:\prog\Mini Project\dealTrack\venv\Lib\site-packages\django\db\backends\utils.py", line 105, in _execute
    return self.cursor.execute(sql, params)
           ^^^^^^^^^^^^^^^^^^^^^^^^^^^^^^^^
  File "D:\prog\Mini Project\dealTrack\venv\Lib\site-packages\django\db\backends\mysql\base.py", line 78, in execute
    return self.cursor.execute(query, args)
           ^^^^^^^^^^^^^^^^^^^^^^^^^^^^^^^^
  File "D:\prog\Mini Project\dealTrack\venv\Lib\site-packages\MySQLdb\cursors.py", line 179, in execute
    res = self._query(mogrified_query)
          ^^^^^^^^^^^^^^^^^^^^^^^^^^^^
  File "D:\prog\Mini Project\dealTrack\venv\Lib\site-packages\MySQLdb\cursors.py", line 330, in _query
    db.query(q)
  File "D:\prog\Mini Project\dealTrack\venv\Lib\site-packages\MySQLdb\connections.py", line 286, in query
    _mysql.connection.query(self, query)
MySQLdb.OperationalError: (1054, "Unknown column 'deal.closed_date' in 'field list'")

The above exception was the direct cause of the following exception:

Traceback (most recent call last):
  File "D:\prog\Mini Project\dealTrack\venv\Lib\site-packages\django\core\handlers\exception.py", line 55, in inner
    response = get_response(request)
               ^^^^^^^^^^^^^^^^^^^^^
  File "D:\prog\Mini Project\dealTrack\venv\Lib\site-packages\django\core\handlers\base.py", line 221, in _get_response
    response = response.render()
               ^^^^^^^^^^^^^^^^^
  File "D:\prog\Mini Project\dealTrack\venv\Lib\site-packages\django\template\response.py", line 114, in render
    self.content = self.rendered_content
                   ^^^^^^^^^^^^^^^^^^^^^
  File "D:\prog\Mini Project\dealTrack\venv\Lib\site-packages\django\template\response.py", line 92, in rendered_content
    return template.render(context, self._request)
           ^^^^^^^^^^^^^^^^^^^^^^^^^^^^^^^^^^^^^^^
  File "D:\prog\Mini Project\dealTrack\venv\Lib\site-packages\django\template\backends\django.py", line 107, in render
    return self.template.render(context)
           ^^^^^^^^^^^^^^^^^^^^^^^^^^^^^
  File "D:\prog\Mini Project\dealTrack\venv\Lib\site-packages\django\template\base.py", line 174, in render
    return self._render(context)
           ^^^^^^^^^^^^^^^^^^^^^
  File "D:\prog\Mini Project\dealTrack\venv\Lib\site-packages\django\template\base.py", line 166, in _render
    return self.nodelist.render(context)
           ^^^^^^^^^^^^^^^^^^^^^^^^^^^^^
  File "D:\prog\Mini Project\dealTrack\venv\Lib\site-packages\django\template\base.py", line 1091, in render
    return SafeString("".join([node.render_annotated(context) for node in self]))
                               ^^^^^^^^^^^^^^^^^^^^^^^^^^^^^^
  File "D:\prog\Mini Project\dealTrack\venv\Lib\site-packages\django\template\base.py", line 1052, in render_annotated
    return self.render(context)
           ^^^^^^^^^^^^^^^^^^^^
  File "D:\prog\Mini Project\dealTrack\venv\Lib\site-packages\django\template\loader_tags.py", line 160, in render
    return compiled_parent._render(context)
           ^^^^^^^^^^^^^^^^^^^^^^^^^^^^^^^^
  File "D:\prog\Mini Project\dealTrack\venv\Lib\site-packages\django\template\base.py", line 166, in _render
    return self.nodelist.render(context)
           ^^^^^^^^^^^^^^^^^^^^^^^^^^^^^
  File "D:\prog\Mini Project\dealTrack\venv\Lib\site-packages\django\template\base.py", line 1091, in render
    return SafeString("".join([node.render_annotated(context) for node in self]))
                               ^^^^^^^^^^^^^^^^^^^^^^^^^^^^^^
  File "D:\prog\Mini Project\dealTrack\venv\Lib\site-packages\django\template\base.py", line 1052, in render_annotated
    return self.render(context)
           ^^^^^^^^^^^^^^^^^^^^
  File "D:\prog\Mini Project\dealTrack\venv\Lib\site-packages\django\template\loader_tags.py", line 66, in render
    result = block.nodelist.render(context)
             ^^^^^^^^^^^^^^^^^^^^^^^^^^^^^^
  File "D:\prog\Mini Project\dealTrack\venv\Lib\site-packages\django\template\base.py", line 1091, in render
    return SafeString("".join([node.render_annotated(context) for node in self]))
                               ^^^^^^^^^^^^^^^^^^^^^^^^^^^^^^
  File "D:\prog\Mini Project\dealTrack\venv\Lib\site-packages\django\template\base.py", line 1052, in render_annotated
    return self.render(context)
           ^^^^^^^^^^^^^^^^^^^^
  File "D:\prog\Mini Project\dealTrack\venv\Lib\site-packages\django\template\defaulttags.py", line 202, in render
    len_values = len(values)
                 ^^^^^^^^^^^
  File "D:\prog\Mini Project\dealTrack\venv\Lib\site-packages\django\db\models\query.py", line 372, in __len__
    self._fetch_all()
  File "D:\prog\Mini Project\dealTrack\venv\Lib\site-packages\django\db\models\query.py", line 2000, in _fetch_all
    self._result_cache = list(self._iterable_class(self))
                         ^^^^^^^^^^^^^^^^^^^^^^^^^^^^^^^^
  File "D:\prog\Mini Project\dealTrack\venv\Lib\site-packages\django\db\models\query.py", line 95, in __iter__
    results = compiler.execute_sql(
              ^^^^^^^^^^^^^^^^^^^^^
  File "D:\prog\Mini Project\dealTrack\venv\Lib\site-packages\django\db\models\sql\compiler.py", line 1624, in execute_sql
    cursor.execute(sql, params)
  File "D:\prog\Mini Project\dealTrack\venv\Lib\site-packages\django\db\backends\utils.py", line 122, in execute
    return super().execute(sql, params)
           ^^^^^^^^^^^^^^^^^^^^^^^^^^^^
  File "D:\prog\Mini Project\dealTrack\venv\Lib\site-packages\django\db\backends\utils.py", line 79, in execute
    return self._execute_with_wrappers(
           ^^^^^^^^^^^^^^^^^^^^^^^^^^^^
  File "D:\prog\Mini Project\dealTrack\venv\Lib\site-packages\django\db\backends\utils.py", line 92, in _execute_with_wrappers
    return executor(sql, params, many, context)
           ^^^^^^^^^^^^^^^^^^^^^^^^^^^^^^^^^^^^
  File "D:\prog\Mini Project\dealTrack\venv\Lib\site-packages\django\db\backends\utils.py", line 100, in _execute
    with self.db.wrap_database_errors:
  File "D:\prog\Mini Project\dealTrack\venv\Lib\site-packages\django\db\utils.py", line 94, in __exit__
    raise dj_exc_value.with_traceback(traceback) from exc_value
  File "D:\prog\Mini Project\dealTrack\venv\Lib\site-packages\django\db\backends\utils.py", line 105, in _execute
    return self.cursor.execute(sql, params)
           ^^^^^^^^^^^^^^^^^^^^^^^^^^^^^^^^
  File "D:\prog\Mini Project\dealTrack\venv\Lib\site-packages\django\db\backends\mysql\base.py", line 78, in execute
    return self.cursor.execute(query, args)
           ^^^^^^^^^^^^^^^^^^^^^^^^^^^^^^^^
  File "D:\prog\Mini Project\dealTrack\venv\Lib\site-packages\MySQLdb\cursors.py", line 179, in execute
    res = self._query(mogrified_query)
          ^^^^^^^^^^^^^^^^^^^^^^^^^^^^
  File "D:\prog\Mini Project\dealTrack\venv\Lib\site-packages\MySQLdb\cursors.py", line 330, in _query
    db.query(q)
  File "D:\prog\Mini Project\dealTrack\venv\Lib\site-packages\MySQLdb\connections.py", line 286, in query
    _mysql.connection.query(self, query)
django.db.utils.OperationalError: (1054, "Unknown column 'deal.closed_date' in 'field list'")
ERROR 2026-04-27 00:48:04,838 log "GET /deals/ HTTP/1.1" 500 250819
ERROR 2026-04-27 00:53:53,741 log Internal Server Error: /dashboard/
Traceback (most recent call last):
  File "D:\prog\Mini Project\dealTrack\venv\Lib\site-packages\django\db\backends\utils.py", line 105, in _execute
    return self.cursor.execute(sql, params)
           ^^^^^^^^^^^^^^^^^^^^^^^^^^^^^^^^
  File "D:\prog\Mini Project\dealTrack\venv\Lib\site-packages\django\db\backends\mysql\base.py", line 78, in execute
    return self.cursor.execute(query, args)
           ^^^^^^^^^^^^^^^^^^^^^^^^^^^^^^^^
  File "D:\prog\Mini Project\dealTrack\venv\Lib\site-packages\MySQLdb\cursors.py", line 179, in execute
    res = self._query(mogrified_query)
          ^^^^^^^^^^^^^^^^^^^^^^^^^^^^
  File "D:\prog\Mini Project\dealTrack\venv\Lib\site-packages\MySQLdb\cursors.py", line 330, in _query
    db.query(q)
  File "D:\prog\Mini Project\dealTrack\venv\Lib\site-packages\MySQLdb\connections.py", line 286, in query
    _mysql.connection.query(self, query)
MySQLdb.OperationalError: (1054, "Unknown column 'deal.deal_value' in 'field list'")

The above exception was the direct cause of the following exception:

Traceback (most recent call last):
  File "D:\prog\Mini Project\dealTrack\venv\Lib\site-packages\django\core\handlers\exception.py", line 55, in inner
    response = get_response(request)
               ^^^^^^^^^^^^^^^^^^^^^
  File "D:\prog\Mini Project\dealTrack\venv\Lib\site-packages\django\core\handlers\base.py", line 198, in _get_response
    response = wrapped_callback(request, *callback_args, **callback_kwargs)
               ^^^^^^^^^^^^^^^^^^^^^^^^^^^^^^^^^^^^^^^^^^^^^^^^^^^^^^^^^^^^
  File "D:\prog\Mini Project\dealTrack\venv\Lib\site-packages\django\contrib\auth\decorators.py", line 59, in _view_wrapper
    return view_func(request, *args, **kwargs)
           ^^^^^^^^^^^^^^^^^^^^^^^^^^^^^^^^^^^
  File "D:\prog\Mini Project\dealTrack\venv\Lib\site-packages\django\views\decorators\cache.py", line 54, in _view_wrapper
    response = viewfunc(request, *args, **kw)
               ^^^^^^^^^^^^^^^^^^^^^^^^^^^^^^
  File "D:\prog\Mini Project\dealTrack\showroom\views.py", line 91, in dashboard
    return render(request, "dashboard.html", {
           ^^^^^^^^^^^^^^^^^^^^^^^^^^^^^^^^^^^
  File "D:\prog\Mini Project\dealTrack\venv\Lib\site-packages\django\shortcuts.py", line 25, in render
    content = loader.render_to_string(template_name, context, request, using=using)
              ^^^^^^^^^^^^^^^^^^^^^^^^^^^^^^^^^^^^^^^^^^^^^^^^^^^^^^^^^^^^^^^^^^^^^
  File "D:\prog\Mini Project\dealTrack\venv\Lib\site-packages\django\template\loader.py", line 62, in render_to_string
    return template.render(context, request)
           ^^^^^^^^^^^^^^^^^^^^^^^^^^^^^^^^^
  File "D:\prog\Mini Project\dealTrack\venv\Lib\site-packages\django\template\backends\django.py", line 107, in render
    return self.template.render(context)
           ^^^^^^^^^^^^^^^^^^^^^^^^^^^^^
  File "D:\prog\Mini Project\dealTrack\venv\Lib\site-packages\django\template\base.py", line 174, in render
    return self._render(context)
           ^^^^^^^^^^^^^^^^^^^^^
  File "D:\prog\Mini Project\dealTrack\venv\Lib\site-packages\django\template\base.py", line 166, in _render
    return self.nodelist.render(context)
           ^^^^^^^^^^^^^^^^^^^^^^^^^^^^^
  File "D:\prog\Mini Project\dealTrack\venv\Lib\site-packages\django\template\base.py", line 1091, in render
    return SafeString("".join([node.render_annotated(context) for node in self]))
                               ^^^^^^^^^^^^^^^^^^^^^^^^^^^^^^
  File "D:\prog\Mini Project\dealTrack\venv\Lib\site-packages\django\template\base.py", line 1052, in render_annotated
    return self.render(context)
           ^^^^^^^^^^^^^^^^^^^^
  File "D:\prog\Mini Project\dealTrack\venv\Lib\site-packages\django\template\loader_tags.py", line 160, in render
    return compiled_parent._render(context)
           ^^^^^^^^^^^^^^^^^^^^^^^^^^^^^^^^
  File "D:\prog\Mini Project\dealTrack\venv\Lib\site-packages\django\template\base.py", line 166, in _render
    return self.nodelist.render(context)
           ^^^^^^^^^^^^^^^^^^^^^^^^^^^^^
  File "D:\prog\Mini Project\dealTrack\venv\Lib\site-packages\django\template\base.py", line 1091, in render
    return SafeString("".join([node.render_annotated(context) for node in self]))
                               ^^^^^^^^^^^^^^^^^^^^^^^^^^^^^^
  File "D:\prog\Mini Project\dealTrack\venv\Lib\site-packages\django\template\base.py", line 1052, in render_annotated
    return self.render(context)
           ^^^^^^^^^^^^^^^^^^^^
  File "D:\prog\Mini Project\dealTrack\venv\Lib\site-packages\django\template\loader_tags.py", line 66, in render
    result = block.nodelist.render(context)
             ^^^^^^^^^^^^^^^^^^^^^^^^^^^^^^
  File "D:\prog\Mini Project\dealTrack\venv\Lib\site-packages\django\template\base.py", line 1091, in render
    return SafeString("".join([node.render_annotated(context) for node in self]))
                               ^^^^^^^^^^^^^^^^^^^^^^^^^^^^^^
  File "D:\prog\Mini Project\dealTrack\venv\Lib\site-packages\django\template\base.py", line 1052, in render_annotated
    return self.render(context)
           ^^^^^^^^^^^^^^^^^^^^
  File "D:\prog\Mini Project\dealTrack\venv\Lib\site-packages\django\template\defaulttags.py", line 202, in render
    len_values = len(values)
                 ^^^^^^^^^^^
  File "D:\prog\Mini Project\dealTrack\venv\Lib\site-packages\django\db\models\query.py", line 372, in __len__
    self._fetch_all()
  File "D:\prog\Mini Project\dealTrack\venv\Lib\site-packages\django\db\models\query.py", line 2000, in _fetch_all
    self._result_cache = list(self._iterable_class(self))
                         ^^^^^^^^^^^^^^^^^^^^^^^^^^^^^^^^
  File "D:\prog\Mini Project\dealTrack\venv\Lib\site-packages\django\db\models\query.py", line 95, in __iter__
    results = compiler.execute_sql(
              ^^^^^^^^^^^^^^^^^^^^^
  File "D:\prog\Mini Project\dealTrack\venv\Lib\site-packages\django\db\models\sql\compiler.py", line 1624, in execute_sql
    cursor.execute(sql, params)
  File "D:\prog\Mini Project\dealTrack\venv\Lib\site-packages\django\db\backends\utils.py", line 122, in execute
    return super().execute(sql, params)
           ^^^^^^^^^^^^^^^^^^^^^^^^^^^^
  File "D:\prog\Mini Project\dealTrack\venv\Lib\site-packages\django\db\backends\utils.py", line 79, in execute
    return self._execute_with_wrappers(
           ^^^^^^^^^^^^^^^^^^^^^^^^^^^^
  File "D:\prog\Mini Project\dealTrack\venv\Lib\site-packages\django\db\backends\utils.py", line 92, in _execute_with_wrappers
    return executor(sql, params, many, context)
           ^^^^^^^^^^^^^^^^^^^^^^^^^^^^^^^^^^^^
  File "D:\prog\Mini Project\dealTrack\venv\Lib\site-packages\django\db\backends\utils.py", line 100, in _execute
    with self.db.wrap_database_errors:
  File "D:\prog\Mini Project\dealTrack\venv\Lib\site-packages\django\db\utils.py", line 94, in __exit__
    raise dj_exc_value.with_traceback(traceback) from exc_value
  File "D:\prog\Mini Project\dealTrack\venv\Lib\site-packages\django\db\backends\utils.py", line 105, in _execute
    return self.cursor.execute(sql, params)
           ^^^^^^^^^^^^^^^^^^^^^^^^^^^^^^^^
  File "D:\prog\Mini Project\dealTrack\venv\Lib\site-packages\django\db\backends\mysql\base.py", line 78, in execute
    return self.cursor.execute(query, args)
           ^^^^^^^^^^^^^^^^^^^^^^^^^^^^^^^^
  File "D:\prog\Mini Project\dealTrack\venv\Lib\site-packages\MySQLdb\cursors.py", line 179, in execute
    res = self._query(mogrified_query)
          ^^^^^^^^^^^^^^^^^^^^^^^^^^^^
  File "D:\prog\Mini Project\dealTrack\venv\Lib\site-packages\MySQLdb\cursors.py", line 330, in _query
    db.query(q)
  File "D:\prog\Mini Project\dealTrack\venv\Lib\site-packages\MySQLdb\connections.py", line 286, in query
    _mysql.connection.query(self, query)
django.db.utils.OperationalError: (1054, "Unknown column 'deal.deal_value' in 'field list'")
ERROR 2026-04-27 00:53:53,768 log "GET /dashboard/ HTTP/1.1" 500 271767
ERROR 2026-04-27 00:56:20,265 log Internal Server Error: /
Traceback (most recent call last):
  File "D:\prog\Mini Project\dealTrack\venv\Lib\site-packages\django\core\handlers\exception.py", line 55, in inner
    response = get_response(request)
               ^^^^^^^^^^^^^^^^^^^^^
  File "D:\prog\Mini Project\dealTrack\venv\Lib\site-packages\django\core\handlers\base.py", line 198, in _get_response
    response = wrapped_callback(request, *callback_args, **callback_kwargs)
               ^^^^^^^^^^^^^^^^^^^^^^^^^^^^^^^^^^^^^^^^^^^^^^^^^^^^^^^^^^^^
  File "D:\prog\Mini Project\dealTrack\showroom\views.py", line 25, in login_view
    messages.error(request, "Invalid username or password")
    ^^^^^^^^
NameError: name 'messages' is not defined
ERROR 2026-04-27 00:56:20,270 log "POST / HTTP/1.1" 500 73993
ERROR 2026-04-27 00:57:00,318 log Internal Server Error: /dashboard/
Traceback (most recent call last):
  File "D:\prog\Mini Project\dealTrack\venv\Lib\site-packages\django\core\handlers\exception.py", line 55, in inner
    response = get_response(request)
               ^^^^^^^^^^^^^^^^^^^^^
  File "D:\prog\Mini Project\dealTrack\venv\Lib\site-packages\django\core\handlers\base.py", line 198, in _get_response
    response = wrapped_callback(request, *callback_args, **callback_kwargs)
               ^^^^^^^^^^^^^^^^^^^^^^^^^^^^^^^^^^^^^^^^^^^^^^^^^^^^^^^^^^^^
  File "D:\prog\Mini Project\dealTrack\venv\Lib\site-packages\django\contrib\auth\decorators.py", line 59, in _view_wrapper
    return view_func(request, *args, **kwargs)
           ^^^^^^^^^^^^^^^^^^^^^^^^^^^^^^^^^^^
  File "D:\prog\Mini Project\dealTrack\venv\Lib\site-packages\django\views\decorators\cache.py", line 54, in _view_wrapper
    response = viewfunc(request, *args, **kw)
               ^^^^^^^^^^^^^^^^^^^^^^^^^^^^^^
  File "D:\prog\Mini Project\dealTrack\showroom\views.py", line 92, in dashboard
    return render(request, "dashboard.html", {
           ^^^^^^^^^^^^^^^^^^^^^^^^^^^^^^^^^^^
  File "D:\prog\Mini Project\dealTrack\venv\Lib\site-packages\django\shortcuts.py", line 25, in render
    content = loader.render_to_string(template_name, context, request, using=using)
              ^^^^^^^^^^^^^^^^^^^^^^^^^^^^^^^^^^^^^^^^^^^^^^^^^^^^^^^^^^^^^^^^^^^^^
  File "D:\prog\Mini Project\dealTrack\venv\Lib\site-packages\django\template\loader.py", line 61, in render_to_string
    template = get_template(template_name, using=using)
               ^^^^^^^^^^^^^^^^^^^^^^^^^^^^^^^^^^^^^^^^
  File "D:\prog\Mini Project\dealTrack\venv\Lib\site-packages\django\template\loader.py", line 15, in get_template
    return engine.get_template(template_name)
           ^^^^^^^^^^^^^^^^^^^^^^^^^^^^^^^^^^
  File "D:\prog\Mini Project\dealTrack\venv\Lib\site-packages\django\template\backends\django.py", line 79, in get_template
    return Template(self.engine.get_template(template_name), self)
                    ^^^^^^^^^^^^^^^^^^^^^^^^^^^^^^^^^^^^^^^
  File "D:\prog\Mini Project\dealTrack\venv\Lib\site-packages\django\template\engine.py", line 186, in get_template
    template, origin = self.find_template(template_name)
                       ^^^^^^^^^^^^^^^^^^^^^^^^^^^^^^^^^
  File "D:\prog\Mini Project\dealTrack\venv\Lib\site-packages\django\template\engine.py", line 159, in find_template
    template = loader.get_template(name, skip=skip)
               ^^^^^^^^^^^^^^^^^^^^^^^^^^^^^^^^^^^^
  File "D:\prog\Mini Project\dealTrack\venv\Lib\site-packages\django\template\loaders\cached.py", line 57, in get_template
    template = super().get_template(template_name, skip)
               ^^^^^^^^^^^^^^^^^^^^^^^^^^^^^^^^^^^^^^^^^
  File "D:\prog\Mini Project\dealTrack\venv\Lib\site-packages\django\template\loaders\base.py", line 28, in get_template
    return Template(
           ^^^^^^^^^
  File "D:\prog\Mini Project\dealTrack\venv\Lib\site-packages\django\template\base.py", line 157, in __init__
    self.nodelist = self.compile_nodelist()
                    ^^^^^^^^^^^^^^^^^^^^^^^
  File "D:\prog\Mini Project\dealTrack\venv\Lib\site-packages\django\template\base.py", line 199, in compile_nodelist
    nodelist = parser.parse()
               ^^^^^^^^^^^^^^
  File "D:\prog\Mini Project\dealTrack\venv\Lib\site-packages\django\template\base.py", line 585, in parse
    raise self.error(token, e)
  File "D:\prog\Mini Project\dealTrack\venv\Lib\site-packages\django\template\base.py", line 583, in parse
    compiled_result = compile_func(self, token)
                      ^^^^^^^^^^^^^^^^^^^^^^^^^
  File "D:\prog\Mini Project\dealTrack\venv\Lib\site-packages\django\template\loader_tags.py", line 307, in do_extends
    nodelist = parser.parse()
               ^^^^^^^^^^^^^^
  File "D:\prog\Mini Project\dealTrack\venv\Lib\site-packages\django\template\base.py", line 585, in parse
    raise self.error(token, e)
  File "D:\prog\Mini Project\dealTrack\venv\Lib\site-packages\django\template\base.py", line 583, in parse
    compiled_result = compile_func(self, token)
                      ^^^^^^^^^^^^^^^^^^^^^^^^^
  File "D:\prog\Mini Project\dealTrack\venv\Lib\site-packages\django\template\loader_tags.py", line 235, in do_block
    nodelist = parser.parse(("endblock",))
               ^^^^^^^^^^^^^^^^^^^^^^^^^^^
  File "D:\prog\Mini Project\dealTrack\venv\Lib\site-packages\django\template\base.py", line 556, in parse
    raise self.error(token, e)
  File "D:\prog\Mini Project\dealTrack\venv\Lib\site-packages\django\template\base.py", line 554, in parse
    filter_expression = self.compile_filter(token.contents)
                        ^^^^^^^^^^^^^^^^^^^^^^^^^^^^^^^^^^^
  File "D:\prog\Mini Project\dealTrack\venv\Lib\site-packages\django\template\base.py", line 676, in compile_filter
    return FilterExpression(token, self)
           ^^^^^^^^^^^^^^^^^^^^^^^^^^^^^
  File "D:\prog\Mini Project\dealTrack\venv\Lib\site-packages\django\template\base.py", line 771, in __init__
    filter_func = parser.find_filter(filter_name)
                  ^^^^^^^^^^^^^^^^^^^^^^^^^^^^^^^
  File "D:\prog\Mini Project\dealTrack\venv\Lib\site-packages\django\template\base.py", line 682, in find_filter
    raise TemplateSyntaxError("Invalid filter: '%s'" % filter_name)
django.template.exceptions.TemplateSyntaxError: Template: D:\prog\Mini Project\dealTrack\showroom\templates\dashboard.html, Invalid filter: 'intcomma'
ERROR 2026-04-27 00:57:00,338 log "GET /dashboard/ HTTP/1.1" 500 248278
ERROR 2026-04-27 01:04:38,770 log Internal Server Error: /profile/edit/
Traceback (most recent call last):
  File "D:\prog\Mini Project\dealTrack\showroom\views.py", line 223, in edit_profile_view
    messages.success(request, f'Your profile has been updated successfully! ({len(updated_fields)} fields changed)')
    ^^^^^^^^
NameError: name 'messages' is not defined

During handling of the above exception, another exception occurred:

Traceback (most recent call last):
  File "D:\prog\Mini Project\dealTrack\venv\Lib\site-packages\django\core\handlers\exception.py", line 55, in inner
    response = get_response(request)
               ^^^^^^^^^^^^^^^^^^^^^
  File "D:\prog\Mini Project\dealTrack\venv\Lib\site-packages\django\core\handlers\base.py", line 198, in _get_response
    response = wrapped_callback(request, *callback_args, **callback_kwargs)
               ^^^^^^^^^^^^^^^^^^^^^^^^^^^^^^^^^^^^^^^^^^^^^^^^^^^^^^^^^^^^
  File "D:\prog\Mini Project\dealTrack\venv\Lib\site-packages\django\contrib\auth\decorators.py", line 59, in _view_wrapper
    return view_func(request, *args, **kwargs)
           ^^^^^^^^^^^^^^^^^^^^^^^^^^^^^^^^^^^
  File "D:\prog\Mini Project\dealTrack\showroom\views.py", line 231, in edit_profile_view
    messages.error(request, f'An error occurred while saving your profile: {str(e)}')
    ^^^^^^^^
NameError: name 'messages' is not defined
ERROR 2026-04-27 01:04:38,780 log "POST /profile/edit/ HTTP/1.1" 500 92945
ERROR 2026-04-27 01:05:09,827 log Internal Server Error: /deals/
Traceback (most recent call last):
  File "D:\prog\Mini Project\dealTrack\venv\Lib\site-packages\django\db\backends\utils.py", line 105, in _execute
    return self.cursor.execute(sql, params)
           ^^^^^^^^^^^^^^^^^^^^^^^^^^^^^^^^
  File "D:\prog\Mini Project\dealTrack\venv\Lib\site-packages\django\db\backends\mysql\base.py", line 78, in execute
    return self.cursor.execute(query, args)
           ^^^^^^^^^^^^^^^^^^^^^^^^^^^^^^^^
  File "D:\prog\Mini Project\dealTrack\venv\Lib\site-packages\MySQLdb\cursors.py", line 179, in execute
    res = self._query(mogrified_query)
          ^^^^^^^^^^^^^^^^^^^^^^^^^^^^
  File "D:\prog\Mini Project\dealTrack\venv\Lib\site-packages\MySQLdb\cursors.py", line 330, in _query
    db.query(q)
  File "D:\prog\Mini Project\dealTrack\venv\Lib\site-packages\MySQLdb\connections.py", line 286, in query
    _mysql.connection.query(self, query)
MySQLdb.OperationalError: (1054, "Unknown column 'deal.closed_date' in 'field list'")

The above exception was the direct cause of the following exception:

Traceback (most recent call last):
  File "D:\prog\Mini Project\dealTrack\venv\Lib\site-packages\django\core\handlers\exception.py", line 55, in inner
    response = get_response(request)
               ^^^^^^^^^^^^^^^^^^^^^
  File "D:\prog\Mini Project\dealTrack\venv\Lib\site-packages\django\core\handlers\base.py", line 221, in _get_response
    response = response.render()
               ^^^^^^^^^^^^^^^^^
  File "D:\prog\Mini Project\dealTrack\venv\Lib\site-packages\django\template\response.py", line 114, in render
    self.content = self.rendered_content
                   ^^^^^^^^^^^^^^^^^^^^^
  File "D:\prog\Mini Project\dealTrack\venv\Lib\site-packages\django\template\response.py", line 92, in rendered_content
    return template.render(context, self._request)
           ^^^^^^^^^^^^^^^^^^^^^^^^^^^^^^^^^^^^^^^
  File "D:\prog\Mini Project\dealTrack\venv\Lib\site-packages\django\template\backends\django.py", line 107, in render
    return self.template.render(context)
           ^^^^^^^^^^^^^^^^^^^^^^^^^^^^^
  File "D:\prog\Mini Project\dealTrack\venv\Lib\site-packages\django\template\base.py", line 174, in render
    return self._render(context)
           ^^^^^^^^^^^^^^^^^^^^^
  File "D:\prog\Mini Project\dealTrack\venv\Lib\site-packages\django\template\base.py", line 166, in _render
    return self.nodelist.render(context)
           ^^^^^^^^^^^^^^^^^^^^^^^^^^^^^
  File "D:\prog\Mini Project\dealTrack\venv\Lib\site-packages\django\template\base.py", line 1091, in render
    return SafeString("".join([node.render_annotated(context) for node in self]))
                               ^^^^^^^^^^^^^^^^^^^^^^^^^^^^^^
  File "D:\prog\Mini Project\dealTrack\venv\Lib\site-packages\django\template\base.py", line 1052, in render_annotated
    return self.render(context)
           ^^^^^^^^^^^^^^^^^^^^
  File "D:\prog\Mini Project\dealTrack\venv\Lib\site-packages\django\template\loader_tags.py", line 160, in render
    return compiled_parent._render(context)
           ^^^^^^^^^^^^^^^^^^^^^^^^^^^^^^^^
  File "D:\prog\Mini Project\dealTrack\venv\Lib\site-packages\django\template\base.py", line 166, in _render
    return self.nodelist.render(context)
           ^^^^^^^^^^^^^^^^^^^^^^^^^^^^^
  File "D:\prog\Mini Project\dealTrack\venv\Lib\site-packages\django\template\base.py", line 1091, in render
    return SafeString("".join([node.render_annotated(context) for node in self]))
                               ^^^^^^^^^^^^^^^^^^^^^^^^^^^^^^
  File "D:\prog\Mini Project\dealTrack\venv\Lib\site-packages\django\template\base.py", line 1052, in render_annotated
    return self.render(context)
           ^^^^^^^^^^^^^^^^^^^^
  File "D:\prog\Mini Project\dealTrack\venv\Lib\site-packages\django\template\loader_tags.py", line 66, in render
    result = block.nodelist.render(context)
             ^^^^^^^^^^^^^^^^^^^^^^^^^^^^^^
  File "D:\prog\Mini Project\dealTrack\venv\Lib\site-packages\django\template\base.py", line 1091, in render
    return SafeString("".join([node.render_annotated(context) for node in self]))
                               ^^^^^^^^^^^^^^^^^^^^^^^^^^^^^^
  File "D:\prog\Mini Project\dealTrack\venv\Lib\site-packages\django\template\base.py", line 1052, in render_annotated
    return self.render(context)
           ^^^^^^^^^^^^^^^^^^^^
  File "D:\prog\Mini Project\dealTrack\venv\Lib\site-packages\django\template\defaulttags.py", line 202, in render
    len_values = len(values)
                 ^^^^^^^^^^^
  File "D:\prog\Mini Project\dealTrack\venv\Lib\site-packages\django\db\models\query.py", line 372, in __len__
    self._fetch_all()
  File "D:\prog\Mini Project\dealTrack\venv\Lib\site-packages\django\db\models\query.py", line 2000, in _fetch_all
    self._result_cache = list(self._iterable_class(self))
                         ^^^^^^^^^^^^^^^^^^^^^^^^^^^^^^^^
  File "D:\prog\Mini Project\dealTrack\venv\Lib\site-packages\django\db\models\query.py", line 95, in __iter__
    results = compiler.execute_sql(
              ^^^^^^^^^^^^^^^^^^^^^
  File "D:\prog\Mini Project\dealTrack\venv\Lib\site-packages\django\db\models\sql\compiler.py", line 1624, in execute_sql
    cursor.execute(sql, params)
  File "D:\prog\Mini Project\dealTrack\venv\Lib\site-packages\django\db\backends\utils.py", line 122, in execute
    return super().execute(sql, params)
           ^^^^^^^^^^^^^^^^^^^^^^^^^^^^
  File "D:\prog\Mini Project\dealTrack\venv\Lib\site-packages\django\db\backends\utils.py", line 79, in execute
    return self._execute_with_wrappers(
           ^^^^^^^^^^^^^^^^^^^^^^^^^^^^
  File "D:\prog\Mini Project\dealTrack\venv\Lib\site-packages\django\db\backends\utils.py", line 92, in _execute_with_wrappers
    return executor(sql, params, many, context)
           ^^^^^^^^^^^^^^^^^^^^^^^^^^^^^^^^^^^^
  File "D:\prog\Mini Project\dealTrack\venv\Lib\site-packages\django\db\backends\utils.py", line 100, in _execute
    with self.db.wrap_database_errors:
  File "D:\prog\Mini Project\dealTrack\venv\Lib\site-packages\django\db\utils.py", line 94, in __exit__
    raise dj_exc_value.with_traceback(traceback) from exc_value
  File "D:\prog\Mini Project\dealTrack\venv\Lib\site-packages\django\db\backends\utils.py", line 105, in _execute
    return self.cursor.execute(sql, params)
           ^^^^^^^^^^^^^^^^^^^^^^^^^^^^^^^^
  File "D:\prog\Mini Project\dealTrack\venv\Lib\site-packages\django\db\backends\mysql\base.py", line 78, in execute
    return self.cursor.execute(query, args)
           ^^^^^^^^^^^^^^^^^^^^^^^^^^^^^^^^
  File "D:\prog\Mini Project\dealTrack\venv\Lib\site-packages\MySQLdb\cursors.py", line 179, in execute
    res = self._query(mogrified_query)
          ^^^^^^^^^^^^^^^^^^^^^^^^^^^^
  File "D:\prog\Mini Project\dealTrack\venv\Lib\site-packages\MySQLdb\cursors.py", line 330, in _query
    db.query(q)
  File "D:\prog\Mini Project\dealTrack\venv\Lib\site-packages\MySQLdb\connections.py", line 286, in query
    _mysql.connection.query(self, query)
django.db.utils.OperationalError: (1054, "Unknown column 'deal.closed_date' in 'field list'")
ERROR 2026-04-27 01:05:09,828 log "GET /deals/ HTTP/1.1" 500 251217
ERROR 2026-04-27 01:07:34,325 log Internal Server Error: /deals/
Traceback (most recent call last):
  File "D:\prog\Mini Project\dealTrack\venv\Lib\site-packages\django\db\backends\utils.py", line 105, in _execute
    return self.cursor.execute(sql, params)
           ^^^^^^^^^^^^^^^^^^^^^^^^^^^^^^^^
  File "D:\prog\Mini Project\dealTrack\venv\Lib\site-packages\django\db\backends\mysql\base.py", line 78, in execute
    return self.cursor.execute(query, args)
           ^^^^^^^^^^^^^^^^^^^^^^^^^^^^^^^^
  File "D:\prog\Mini Project\dealTrack\venv\Lib\site-packages\MySQLdb\cursors.py", line 179, in execute
    res = self._query(mogrified_query)
          ^^^^^^^^^^^^^^^^^^^^^^^^^^^^
  File "D:\prog\Mini Project\dealTrack\venv\Lib\site-packages\MySQLdb\cursors.py", line 330, in _query
    db.query(q)
  File "D:\prog\Mini Project\dealTrack\venv\Lib\site-packages\MySQLdb\connections.py", line 286, in query
    _mysql.connection.query(self, query)
MySQLdb.OperationalError: (1054, "Unknown column 'deal.closed_date' in 'field list'")

The above exception was the direct cause of the following exception:

Traceback (most recent call last):
  File "D:\prog\Mini Project\dealTrack\venv\Lib\site-packages\django\core\handlers\exception.py", line 55, in inner
    response = get_response(request)
               ^^^^^^^^^^^^^^^^^^^^^
  File "D:\prog\Mini Project\dealTrack\venv\Lib\site-packages\django\core\handlers\base.py", line 221, in _get_response
    response = response.render()
               ^^^^^^^^^^^^^^^^^
  File "D:\prog\Mini Project\dealTrack\venv\Lib\site-packages\django\template\response.py", line 114, in render
    self.content = self.rendered_content
                   ^^^^^^^^^^^^^^^^^^^^^
  File "D:\prog\Mini Project\dealTrack\venv\Lib\site-packages\django\template\response.py", line 92, in rendered_content
    return template.render(context, self._request)
           ^^^^^^^^^^^^^^^^^^^^^^^^^^^^^^^^^^^^^^^
  File "D:\prog\Mini Project\dealTrack\venv\Lib\site-packages\django\template\backends\django.py", line 107, in render
    return self.template.render(context)
           ^^^^^^^^^^^^^^^^^^^^^^^^^^^^^
  File "D:\prog\Mini Project\dealTrack\venv\Lib\site-packages\django\template\base.py", line 174, in render
    return self._render(context)
           ^^^^^^^^^^^^^^^^^^^^^
  File "D:\prog\Mini Project\dealTrack\venv\Lib\site-packages\django\template\base.py", line 166, in _render
    return self.nodelist.render(context)
           ^^^^^^^^^^^^^^^^^^^^^^^^^^^^^
  File "D:\prog\Mini Project\dealTrack\venv\Lib\site-packages\django\template\base.py", line 1091, in render
    return SafeString("".join([node.render_annotated(context) for node in self]))
                               ^^^^^^^^^^^^^^^^^^^^^^^^^^^^^^
  File "D:\prog\Mini Project\dealTrack\venv\Lib\site-packages\django\template\base.py", line 1052, in render_annotated
    return self.render(context)
           ^^^^^^^^^^^^^^^^^^^^
  File "D:\prog\Mini Project\dealTrack\venv\Lib\site-packages\django\template\loader_tags.py", line 160, in render
    return compiled_parent._render(context)
           ^^^^^^^^^^^^^^^^^^^^^^^^^^^^^^^^
  File "D:\prog\Mini Project\dealTrack\venv\Lib\site-packages\django\template\base.py", line 166, in _render
    return self.nodelist.render(context)
           ^^^^^^^^^^^^^^^^^^^^^^^^^^^^^
  File "D:\prog\Mini Project\dealTrack\venv\Lib\site-packages\django\template\base.py", line 1091, in render
    return SafeString("".join([node.render_annotated(context) for node in self]))
                               ^^^^^^^^^^^^^^^^^^^^^^^^^^^^^^
  File "D:\prog\Mini Project\dealTrack\venv\Lib\site-packages\django\template\base.py", line 1052, in render_annotated
    return self.render(context)
           ^^^^^^^^^^^^^^^^^^^^
  File "D:\prog\Mini Project\dealTrack\venv\Lib\site-packages\django\template\loader_tags.py", line 66, in render
    result = block.nodelist.render(context)
             ^^^^^^^^^^^^^^^^^^^^^^^^^^^^^^
  File "D:\prog\Mini Project\dealTrack\venv\Lib\site-packages\django\template\base.py", line 1091, in render
    return SafeString("".join([node.render_annotated(context) for node in self]))
                               ^^^^^^^^^^^^^^^^^^^^^^^^^^^^^^
  File "D:\prog\Mini Project\dealTrack\venv\Lib\site-packages\django\template\base.py", line 1052, in render_annotated
    return self.render(context)
           ^^^^^^^^^^^^^^^^^^^^
  File "D:\prog\Mini Project\dealTrack\venv\Lib\site-packages\django\template\defaulttags.py", line 202, in render
    len_values = len(values)
                 ^^^^^^^^^^^
  File "D:\prog\Mini Project\dealTrack\venv\Lib\site-packages\django\db\models\query.py", line 372, in __len__
    self._fetch_all()
  File "D:\prog\Mini Project\dealTrack\venv\Lib\site-packages\django\db\models\query.py", line 2000, in _fetch_all
    self._result_cache = list(self._iterable_class(self))
                         ^^^^^^^^^^^^^^^^^^^^^^^^^^^^^^^^
  File "D:\prog\Mini Project\dealTrack\venv\Lib\site-packages\django\db\models\query.py", line 95, in __iter__
    results = compiler.execute_sql(
              ^^^^^^^^^^^^^^^^^^^^^
  File "D:\prog\Mini Project\dealTrack\venv\Lib\site-packages\django\db\models\sql\compiler.py", line 1624, in execute_sql
    cursor.execute(sql, params)
  File "D:\prog\Mini Project\dealTrack\venv\Lib\site-packages\django\db\backends\utils.py", line 122, in execute
    return super().execute(sql, params)
           ^^^^^^^^^^^^^^^^^^^^^^^^^^^^
  File "D:\prog\Mini Project\dealTrack\venv\Lib\site-packages\django\db\backends\utils.py", line 79, in execute
    return self._execute_with_wrappers(
           ^^^^^^^^^^^^^^^^^^^^^^^^^^^^
  File "D:\prog\Mini Project\dealTrack\venv\Lib\site-packages\django\db\backends\utils.py", line 92, in _execute_with_wrappers
    return executor(sql, params, many, context)
           ^^^^^^^^^^^^^^^^^^^^^^^^^^^^^^^^^^^^
  File "D:\prog\Mini Project\dealTrack\venv\Lib\site-packages\django\db\backends\utils.py", line 100, in _execute
    with self.db.wrap_database_errors:
  File "D:\prog\Mini Project\dealTrack\venv\Lib\site-packages\django\db\utils.py", line 94, in __exit__
    raise dj_exc_value.with_traceback(traceback) from exc_value
  File "D:\prog\Mini Project\dealTrack\venv\Lib\site-packages\django\db\backends\utils.py", line 105, in _execute
    return self.cursor.execute(sql, params)
           ^^^^^^^^^^^^^^^^^^^^^^^^^^^^^^^^
  File "D:\prog\Mini Project\dealTrack\venv\Lib\site-packages\django\db\backends\mysql\base.py", line 78, in execute
    return self.cursor.execute(query, args)
           ^^^^^^^^^^^^^^^^^^^^^^^^^^^^^^^^
  File "D:\prog\Mini Project\dealTrack\venv\Lib\site-packages\MySQLdb\cursors.py", line 179, in execute
    res = self._query(mogrified_query)
          ^^^^^^^^^^^^^^^^^^^^^^^^^^^^
  File "D:\prog\Mini Project\dealTrack\venv\Lib\site-packages\MySQLdb\cursors.py", line 330, in _query
    db.query(q)
  File "D:\prog\Mini Project\dealTrack\venv\Lib\site-packages\MySQLdb\connections.py", line 286, in query
    _mysql.connection.query(self, query)
django.db.utils.OperationalError: (1054, "Unknown column 'deal.closed_date' in 'field list'")
ERROR 2026-04-27 01:07:34,325 log "GET /deals/ HTTP/1.1" 500 251212
ERROR 2026-04-27 01:23:02,918 log Internal Server Error: /reports/
Traceback (most recent call last):
  File "D:\prog\Mini Project\dealTrack\venv\Lib\site-packages\django\template\smartif.py", line 181, in translate_token
    op = OPERATORS[token]
         ~~~~~~~~~^^^^^^^
KeyError: "request.path=='/dashboard/'"

During handling of the above exception, another exception occurred:

Traceback (most recent call last):
  File "D:\prog\Mini Project\dealTrack\venv\Lib\site-packages\django\core\handlers\exception.py", line 55, in inner
    response = get_response(request)
               ^^^^^^^^^^^^^^^^^^^^^
  File "D:\prog\Mini Project\dealTrack\venv\Lib\site-packages\django\core\handlers\base.py", line 198, in _get_response
    response = wrapped_callback(request, *callback_args, **callback_kwargs)
               ^^^^^^^^^^^^^^^^^^^^^^^^^^^^^^^^^^^^^^^^^^^^^^^^^^^^^^^^^^^^
  File "D:\prog\Mini Project\dealTrack\venv\Lib\site-packages\django\contrib\auth\decorators.py", line 59, in _view_wrapper
    return view_func(request, *args, **kwargs)
           ^^^^^^^^^^^^^^^^^^^^^^^^^^^^^^^^^^^
  File "D:\prog\Mini Project\dealTrack\reports\views.py", line 99, in reports
    return render(request, "reports/reports.html", context)
           ^^^^^^^^^^^^^^^^^^^^^^^^^^^^^^^^^^^^^^^^^^^^^^^^
  File "D:\prog\Mini Project\dealTrack\venv\Lib\site-packages\django\shortcuts.py", line 25, in render
    content = loader.render_to_string(template_name, context, request, using=using)
              ^^^^^^^^^^^^^^^^^^^^^^^^^^^^^^^^^^^^^^^^^^^^^^^^^^^^^^^^^^^^^^^^^^^^^
  File "D:\prog\Mini Project\dealTrack\venv\Lib\site-packages\django\template\loader.py", line 62, in render_to_string
    return template.render(context, request)
           ^^^^^^^^^^^^^^^^^^^^^^^^^^^^^^^^^
  File "D:\prog\Mini Project\dealTrack\venv\Lib\site-packages\django\template\backends\django.py", line 107, in render
    return self.template.render(context)
           ^^^^^^^^^^^^^^^^^^^^^^^^^^^^^
  File "D:\prog\Mini Project\dealTrack\venv\Lib\site-packages\django\template\base.py", line 174, in render
    return self._render(context)
           ^^^^^^^^^^^^^^^^^^^^^
  File "D:\prog\Mini Project\dealTrack\venv\Lib\site-packages\django\template\base.py", line 166, in _render
    return self.nodelist.render(context)
           ^^^^^^^^^^^^^^^^^^^^^^^^^^^^^
  File "D:\prog\Mini Project\dealTrack\venv\Lib\site-packages\django\template\base.py", line 1091, in render
    return SafeString("".join([node.render_annotated(context) for node in self]))
                               ^^^^^^^^^^^^^^^^^^^^^^^^^^^^^^
  File "D:\prog\Mini Project\dealTrack\venv\Lib\site-packages\django\template\base.py", line 1052, in render_annotated
    return self.render(context)
           ^^^^^^^^^^^^^^^^^^^^
  File "D:\prog\Mini Project\dealTrack\venv\Lib\site-packages\django\template\loader_tags.py", line 135, in render
    compiled_parent = self.get_parent(context)
                      ^^^^^^^^^^^^^^^^^^^^^^^^
  File "D:\prog\Mini Project\dealTrack\venv\Lib\site-packages\django\template\loader_tags.py", line 132, in get_parent
    return self.find_template(parent, context)
           ^^^^^^^^^^^^^^^^^^^^^^^^^^^^^^^^^^^
  File "D:\prog\Mini Project\dealTrack\venv\Lib\site-packages\django\template\loader_tags.py", line 110, in find_template
    template, origin = context.template.engine.find_template(
                       ^^^^^^^^^^^^^^^^^^^^^^^^^^^^^^^^^^^^^^
  File "D:\prog\Mini Project\dealTrack\venv\Lib\site-packages\django\template\engine.py", line 159, in find_template
    template = loader.get_template(name, skip=skip)
               ^^^^^^^^^^^^^^^^^^^^^^^^^^^^^^^^^^^^
  File "D:\prog\Mini Project\dealTrack\venv\Lib\site-packages\django\template\loaders\cached.py", line 57, in get_template
    template = super().get_template(template_name, skip)
               ^^^^^^^^^^^^^^^^^^^^^^^^^^^^^^^^^^^^^^^^^
  File "D:\prog\Mini Project\dealTrack\venv\Lib\site-packages\django\template\loaders\base.py", line 28, in get_template
    return Template(
           ^^^^^^^^^
  File "D:\prog\Mini Project\dealTrack\venv\Lib\site-packages\django\template\base.py", line 157, in __init__
    self.nodelist = self.compile_nodelist()
                    ^^^^^^^^^^^^^^^^^^^^^^^
  File "D:\prog\Mini Project\dealTrack\venv\Lib\site-packages\django\template\base.py", line 199, in compile_nodelist
    nodelist = parser.parse()
               ^^^^^^^^^^^^^^
  File "D:\prog\Mini Project\dealTrack\venv\Lib\site-packages\django\template\base.py", line 585, in parse
    raise self.error(token, e)
  File "D:\prog\Mini Project\dealTrack\venv\Lib\site-packages\django\template\base.py", line 583, in parse
    compiled_result = compile_func(self, token)
                      ^^^^^^^^^^^^^^^^^^^^^^^^^
  File "D:\prog\Mini Project\dealTrack\venv\Lib\site-packages\django\template\defaulttags.py", line 993, in do_if
    condition = TemplateIfParser(parser, bits).parse()
                ^^^^^^^^^^^^^^^^^^^^^^^^^^^^^^
  File "D:\prog\Mini Project\dealTrack\venv\Lib\site-packages\django\template\defaulttags.py", line 926, in __init__
    super().__init__(*args, **kwargs)
  File "D:\prog\Mini Project\dealTrack\venv\Lib\site-packages\django\template\smartif.py", line 172, in __init__
    mapped_tokens.append(self.translate_token(token))
                         ^^^^^^^^^^^^^^^^^^^^^^^^^^^
  File "D:\prog\Mini Project\dealTrack\venv\Lib\site-packages\django\template\smartif.py", line 183, in translate_token
    return self.create_var(token)
           ^^^^^^^^^^^^^^^^^^^^^^
  File "D:\prog\Mini Project\dealTrack\venv\Lib\site-packages\django\template\defaulttags.py", line 929, in create_var
    return TemplateLiteral(self.template_parser.compile_filter(value), value)
                           ^^^^^^^^^^^^^^^^^^^^^^^^^^^^^^^^^^^^^^^^^^
  File "D:\prog\Mini Project\dealTrack\venv\Lib\site-packages\django\template\base.py", line 676, in compile_filter
    return FilterExpression(token, self)
           ^^^^^^^^^^^^^^^^^^^^^^^^^^^^^
  File "D:\prog\Mini Project\dealTrack\venv\Lib\site-packages\django\template\base.py", line 776, in __init__
    raise TemplateSyntaxError(
django.template.exceptions.TemplateSyntaxError: Template: D:\prog\Mini Project\dealTrack\templates\base.html, Could not parse the remainder: '=='/dashboard/'' from 'request.path=='/dashboard/''
ERROR 2026-04-27 01:23:02,933 log "GET /reports/ HTTP/1.1" 500 259118
ERROR 2026-04-27 01:23:25,332 log Internal Server Error: /customers/
Traceback (most recent call last):
  File "D:\prog\Mini Project\dealTrack\venv\Lib\site-packages\django\core\handlers\exception.py", line 55, in inner
    response = get_response(request)
               ^^^^^^^^^^^^^^^^^^^^^
  File "D:\prog\Mini Project\dealTrack\venv\Lib\site-packages\django\core\handlers\base.py", line 198, in _get_response
    response = wrapped_callback(request, *callback_args, **callback_kwargs)
               ^^^^^^^^^^^^^^^^^^^^^^^^^^^^^^^^^^^^^^^^^^^^^^^^^^^^^^^^^^^^
  File "D:\prog\Mini Project\dealTrack\venv\Lib\site-packages\django\views\generic\base.py", line 106, in view
    return self.dispatch(request, *args, **kwargs)
           ^^^^^^^^^^^^^^^^^^^^^^^^^^^^^^^^^^^^^^^
  File "D:\prog\Mini Project\dealTrack\venv\Lib\site-packages\django\contrib\auth\mixins.py", line 74, in dispatch
    return super().dispatch(request, *args, **kwargs)
           ^^^^^^^^^^^^^^^^^^^^^^^^^^^^^^^^^^^^^^^^^^
  File "D:\prog\Mini Project\dealTrack\venv\Lib\site-packages\django\views\generic\base.py", line 145, in dispatch
    return handler(request, *args, **kwargs)
           ^^^^^^^^^^^^^^^^^^^^^^^^^^^^^^^^^
  File "D:\prog\Mini Project\dealTrack\venv\Lib\site-packages\django\views\generic\list.py", line 178, in get
    context = self.get_context_data()
              ^^^^^^^^^^^^^^^^^^^^^^^
  File "D:\prog\Mini Project\dealTrack\customer\views.py", line 93, in get_context_data
    active_deals = Deal.objects.filter(
                   ^^^^^^^^^^^^^^^^^^^^
  File "D:\prog\Mini Project\dealTrack\venv\Lib\site-packages\django\db\models\manager.py", line 87, in manager_method
    return getattr(self.get_queryset(), name)(*args, **kwargs)
           ^^^^^^^^^^^^^^^^^^^^^^^^^^^^^^^^^^^^^^^^^^^^^^^^^^^
  File "D:\prog\Mini Project\dealTrack\venv\Lib\site-packages\django\db\models\query.py", line 1542, in filter
    return self._filter_or_exclude(False, args, kwargs)
           ^^^^^^^^^^^^^^^^^^^^^^^^^^^^^^^^^^^^^^^^^^^^
  File "D:\prog\Mini Project\dealTrack\venv\Lib\site-packages\django\db\models\query.py", line 1560, in _filter_or_exclude
    clone._filter_or_exclude_inplace(negate, args, kwargs)
  File "D:\prog\Mini Project\dealTrack\venv\Lib\site-packages\django\db\models\query.py", line 1570, in _filter_or_exclude_inplace
    self._query.add_q(Q(*args, **kwargs))
  File "D:\prog\Mini Project\dealTrack\venv\Lib\site-packages\django\db\models\sql\query.py", line 1676, in add_q
    clause, _ = self._add_q(q_object, can_reuse)
                ^^^^^^^^^^^^^^^^^^^^^^^^^^^^^^^^
  File "D:\prog\Mini Project\dealTrack\venv\Lib\site-packages\django\db\models\sql\query.py", line 1708, in _add_q
    child_clause, needed_inner = self.build_filter(
                                 ^^^^^^^^^^^^^^^^^^
  File "D:\prog\Mini Project\dealTrack\venv\Lib\site-packages\django\db\models\sql\query.py", line 1556, in build_filter
    lookups, parts, reffed_expression = self.solve_lookup_type(arg, summarize)
                                        ^^^^^^^^^^^^^^^^^^^^^^^^^^^^^^^^^^^^^^
  File "D:\prog\Mini Project\dealTrack\venv\Lib\site-packages\django\db\models\sql\query.py", line 1363, in solve_lookup_type
    _, field, _, lookup_parts = self.names_to_path(lookup_splitted, self.get_meta())
                                ^^^^^^^^^^^^^^^^^^^^^^^^^^^^^^^^^^^^^^^^^^^^^^^^^^^^
  File "D:\prog\Mini Project\dealTrack\venv\Lib\site-packages\django\db\models\sql\query.py", line 1842, in names_to_path
    raise FieldError(
django.core.exceptions.FieldError: Cannot resolve keyword 'showroom' into field. Choices are: commission, created_at, customer_id, customer_id_id, deal_date, deal_id, deal_status, discount, final_price, payment_status, payments, profit, selling_price, showroom_id, showroom_id_id, total_expenses, vehicle_id, vehicle_id_id
ERROR 2026-04-27 01:23:25,336 log "GET /customers/ HTTP/1.1" 500 141738
ERROR 2026-04-27 01:26:36,336 log Internal Server Error: /customers/
Traceback (most recent call last):
  File "D:\prog\Mini Project\dealTrack\venv\Lib\site-packages\django\core\handlers\exception.py", line 55, in inner
    response = get_response(request)
               ^^^^^^^^^^^^^^^^^^^^^
  File "D:\prog\Mini Project\dealTrack\venv\Lib\site-packages\django\core\handlers\base.py", line 221, in _get_response
    response = response.render()
               ^^^^^^^^^^^^^^^^^
  File "D:\prog\Mini Project\dealTrack\venv\Lib\site-packages\django\template\response.py", line 114, in render
    self.content = self.rendered_content
                   ^^^^^^^^^^^^^^^^^^^^^
  File "D:\prog\Mini Project\dealTrack\venv\Lib\site-packages\django\template\response.py", line 90, in rendered_content
    template = self.resolve_template(self.template_name)
               ^^^^^^^^^^^^^^^^^^^^^^^^^^^^^^^^^^^^^^^^^
  File "D:\prog\Mini Project\dealTrack\venv\Lib\site-packages\django\template\response.py", line 72, in resolve_template
    return select_template(template, using=self.using)
           ^^^^^^^^^^^^^^^^^^^^^^^^^^^^^^^^^^^^^^^^^^^
  File "D:\prog\Mini Project\dealTrack\venv\Lib\site-packages\django\template\loader.py", line 42, in select_template
    return engine.get_template(template_name)
           ^^^^^^^^^^^^^^^^^^^^^^^^^^^^^^^^^^
  File "D:\prog\Mini Project\dealTrack\venv\Lib\site-packages\django\template\backends\django.py", line 79, in get_template
    return Template(self.engine.get_template(template_name), self)
                    ^^^^^^^^^^^^^^^^^^^^^^^^^^^^^^^^^^^^^^^
  File "D:\prog\Mini Project\dealTrack\venv\Lib\site-packages\django\template\engine.py", line 186, in get_template
    template, origin = self.find_template(template_name)
                       ^^^^^^^^^^^^^^^^^^^^^^^^^^^^^^^^^
  File "D:\prog\Mini Project\dealTrack\venv\Lib\site-packages\django\template\engine.py", line 159, in find_template
    template = loader.get_template(name, skip=skip)
               ^^^^^^^^^^^^^^^^^^^^^^^^^^^^^^^^^^^^
  File "D:\prog\Mini Project\dealTrack\venv\Lib\site-packages\django\template\loaders\cached.py", line 57, in get_template
    template = super().get_template(template_name, skip)
               ^^^^^^^^^^^^^^^^^^^^^^^^^^^^^^^^^^^^^^^^^
  File "D:\prog\Mini Project\dealTrack\venv\Lib\site-packages\django\template\loaders\base.py", line 28, in get_template
    return Template(
           ^^^^^^^^^
  File "D:\prog\Mini Project\dealTrack\venv\Lib\site-packages\django\template\base.py", line 157, in __init__
    self.nodelist = self.compile_nodelist()
                    ^^^^^^^^^^^^^^^^^^^^^^^
  File "D:\prog\Mini Project\dealTrack\venv\Lib\site-packages\django\template\base.py", line 199, in compile_nodelist
    nodelist = parser.parse()
               ^^^^^^^^^^^^^^
  File "D:\prog\Mini Project\dealTrack\venv\Lib\site-packages\django\template\base.py", line 585, in parse
    raise self.error(token, e)
  File "D:\prog\Mini Project\dealTrack\venv\Lib\site-packages\django\template\base.py", line 583, in parse
    compiled_result = compile_func(self, token)
                      ^^^^^^^^^^^^^^^^^^^^^^^^^
  File "D:\prog\Mini Project\dealTrack\venv\Lib\site-packages\django\template\loader_tags.py", line 307, in do_extends
    nodelist = parser.parse()
               ^^^^^^^^^^^^^^
  File "D:\prog\Mini Project\dealTrack\venv\Lib\site-packages\django\template\base.py", line 585, in parse
    raise self.error(token, e)
  File "D:\prog\Mini Project\dealTrack\venv\Lib\site-packages\django\template\base.py", line 583, in parse
    compiled_result = compile_func(self, token)
                      ^^^^^^^^^^^^^^^^^^^^^^^^^
  File "D:\prog\Mini Project\dealTrack\venv\Lib\site-packages\django\template\loader_tags.py", line 235, in do_block
    nodelist = parser.parse(("endblock",))
               ^^^^^^^^^^^^^^^^^^^^^^^^^^^
  File "D:\prog\Mini Project\dealTrack\venv\Lib\site-packages\django\template\base.py", line 585, in parse
    raise self.error(token, e)
  File "D:\prog\Mini Project\dealTrack\venv\Lib\site-packages\django\template\base.py", line 583, in parse
    compiled_result = compile_func(self, token)
                      ^^^^^^^^^^^^^^^^^^^^^^^^^
  File "D:\prog\Mini Project\dealTrack\venv\Lib\site-packages\django\template\defaulttags.py", line 894, in do_for
    nodelist_loop = parser.parse(
                    ^^^^^^^^^^^^^
  File "D:\prog\Mini Project\dealTrack\venv\Lib\site-packages\django\template\base.py", line 585, in parse
    raise self.error(token, e)
  File "D:\prog\Mini Project\dealTrack\venv\Lib\site-packages\django\template\base.py", line 583, in parse
    compiled_result = compile_func(self, token)
                      ^^^^^^^^^^^^^^^^^^^^^^^^^
  File "D:\prog\Mini Project\dealTrack\venv\Lib\site-packages\django\template\defaulttags.py", line 1685, in do_with
    nodelist = parser.parse(("endwith",))
               ^^^^^^^^^^^^^^^^^^^^^^^^^^
  File "D:\prog\Mini Project\dealTrack\venv\Lib\site-packages\django\template\base.py", line 585, in parse
    raise self.error(token, e)
  File "D:\prog\Mini Project\dealTrack\venv\Lib\site-packages\django\template\base.py", line 583, in parse
    compiled_result = compile_func(self, token)
                      ^^^^^^^^^^^^^^^^^^^^^^^^^
  File "D:\prog\Mini Project\dealTrack\venv\Lib\site-packages\django\template\defaulttags.py", line 1676, in do_with
    extra_context = token_kwargs(remaining_bits, parser, support_legacy=True)
                    ^^^^^^^^^^^^^^^^^^^^^^^^^^^^^^^^^^^^^^^^^^^^^^^^^^^^^^^^^
  File "D:\prog\Mini Project\dealTrack\venv\Lib\site-packages\django\template\base.py", line 1202, in token_kwargs
    kwargs[key] = parser.compile_filter(value)
                  ^^^^^^^^^^^^^^^^^^^^^^^^^^^^
  File "D:\prog\Mini Project\dealTrack\venv\Lib\site-packages\django\template\base.py", line 676, in compile_filter
    return FilterExpression(token, self)
           ^^^^^^^^^^^^^^^^^^^^^^^^^^^^^
  File "D:\prog\Mini Project\dealTrack\venv\Lib\site-packages\django\template\base.py", line 776, in __init__
    raise TemplateSyntaxError(
django.template.exceptions.TemplateSyntaxError: Template: D:\prog\Mini Project\dealTrack\customer\templates\customer\customer.html, Could not parse the remainder: '(deal_status='COMPLETED').count' from 'customer.deal_set.filter(deal_status='COMPLETED').count'
ERROR 2026-04-27 01:26:36,360 log "GET /customers/ HTTP/1.1" 500 300521
ERROR 2026-04-27 01:30:40,968 log Internal Server Error: /customers/
Traceback (most recent call last):
  File "D:\prog\Mini Project\dealTrack\venv\Lib\site-packages\django\core\handlers\exception.py", line 55, in inner
    response = get_response(request)
               ^^^^^^^^^^^^^^^^^^^^^
  File "D:\prog\Mini Project\dealTrack\venv\Lib\site-packages\django\core\handlers\base.py", line 221, in _get_response
    response = response.render()
               ^^^^^^^^^^^^^^^^^
  File "D:\prog\Mini Project\dealTrack\venv\Lib\site-packages\django\template\response.py", line 114, in render
    self.content = self.rendered_content
                   ^^^^^^^^^^^^^^^^^^^^^
  File "D:\prog\Mini Project\dealTrack\venv\Lib\site-packages\django\template\response.py", line 90, in rendered_content
    template = self.resolve_template(self.template_name)
               ^^^^^^^^^^^^^^^^^^^^^^^^^^^^^^^^^^^^^^^^^
  File "D:\prog\Mini Project\dealTrack\venv\Lib\site-packages\django\template\response.py", line 72, in resolve_template
    return select_template(template, using=self.using)
           ^^^^^^^^^^^^^^^^^^^^^^^^^^^^^^^^^^^^^^^^^^^
  File "D:\prog\Mini Project\dealTrack\venv\Lib\site-packages\django\template\loader.py", line 42, in select_template
    return engine.get_template(template_name)
           ^^^^^^^^^^^^^^^^^^^^^^^^^^^^^^^^^^
  File "D:\prog\Mini Project\dealTrack\venv\Lib\site-packages\django\template\backends\django.py", line 79, in get_template
    return Template(self.engine.get_template(template_name), self)
                    ^^^^^^^^^^^^^^^^^^^^^^^^^^^^^^^^^^^^^^^
  File "D:\prog\Mini Project\dealTrack\venv\Lib\site-packages\django\template\engine.py", line 186, in get_template
    template, origin = self.find_template(template_name)
                       ^^^^^^^^^^^^^^^^^^^^^^^^^^^^^^^^^
  File "D:\prog\Mini Project\dealTrack\venv\Lib\site-packages\django\template\engine.py", line 159, in find_template
    template = loader.get_template(name, skip=skip)
               ^^^^^^^^^^^^^^^^^^^^^^^^^^^^^^^^^^^^
  File "D:\prog\Mini Project\dealTrack\venv\Lib\site-packages\django\template\loaders\cached.py", line 57, in get_template
    template = super().get_template(template_name, skip)
               ^^^^^^^^^^^^^^^^^^^^^^^^^^^^^^^^^^^^^^^^^
  File "D:\prog\Mini Project\dealTrack\venv\Lib\site-packages\django\template\loaders\base.py", line 28, in get_template
    return Template(
           ^^^^^^^^^
  File "D:\prog\Mini Project\dealTrack\venv\Lib\site-packages\django\template\base.py", line 157, in __init__
    self.nodelist = self.compile_nodelist()
                    ^^^^^^^^^^^^^^^^^^^^^^^
  File "D:\prog\Mini Project\dealTrack\venv\Lib\site-packages\django\template\base.py", line 199, in compile_nodelist
    nodelist = parser.parse()
               ^^^^^^^^^^^^^^
  File "D:\prog\Mini Project\dealTrack\venv\Lib\site-packages\django\template\base.py", line 585, in parse
    raise self.error(token, e)
  File "D:\prog\Mini Project\dealTrack\venv\Lib\site-packages\django\template\base.py", line 583, in parse
    compiled_result = compile_func(self, token)
                      ^^^^^^^^^^^^^^^^^^^^^^^^^
  File "D:\prog\Mini Project\dealTrack\venv\Lib\site-packages\django\template\loader_tags.py", line 307, in do_extends
    nodelist = parser.parse()
               ^^^^^^^^^^^^^^
  File "D:\prog\Mini Project\dealTrack\venv\Lib\site-packages\django\template\base.py", line 585, in parse
    raise self.error(token, e)
  File "D:\prog\Mini Project\dealTrack\venv\Lib\site-packages\django\template\base.py", line 583, in parse
    compiled_result = compile_func(self, token)
                      ^^^^^^^^^^^^^^^^^^^^^^^^^
  File "D:\prog\Mini Project\dealTrack\venv\Lib\site-packages\django\template\loader_tags.py", line 235, in do_block
    nodelist = parser.parse(("endblock",))
               ^^^^^^^^^^^^^^^^^^^^^^^^^^^
  File "D:\prog\Mini Project\dealTrack\venv\Lib\site-packages\django\template\base.py", line 585, in parse
    raise self.error(token, e)
  File "D:\prog\Mini Project\dealTrack\venv\Lib\site-packages\django\template\base.py", line 583, in parse
    compiled_result = compile_func(self, token)
                      ^^^^^^^^^^^^^^^^^^^^^^^^^
  File "D:\prog\Mini Project\dealTrack\venv\Lib\site-packages\django\template\defaulttags.py", line 894, in do_for
    nodelist_loop = parser.parse(
                    ^^^^^^^^^^^^^
  File "D:\prog\Mini Project\dealTrack\venv\Lib\site-packages\django\template\base.py", line 585, in parse
    raise self.error(token, e)
  File "D:\prog\Mini Project\dealTrack\venv\Lib\site-packages\django\template\base.py", line 583, in parse
    compiled_result = compile_func(self, token)
                      ^^^^^^^^^^^^^^^^^^^^^^^^^
  File "D:\prog\Mini Project\dealTrack\venv\Lib\site-packages\django\template\defaulttags.py", line 994, in do_if
    nodelist = parser.parse(("elif", "else", "endif"))
               ^^^^^^^^^^^^^^^^^^^^^^^^^^^^^^^^^^^^^^^
  File "D:\prog\Mini Project\dealTrack\venv\Lib\site-packages\django\template\base.py", line 556, in parse
    raise self.error(token, e)
  File "D:\prog\Mini Project\dealTrack\venv\Lib\site-packages\django\template\base.py", line 554, in parse
    filter_expression = self.compile_filter(token.contents)
                        ^^^^^^^^^^^^^^^^^^^^^^^^^^^^^^^^^^^
  File "D:\prog\Mini Project\dealTrack\venv\Lib\site-packages\django\template\base.py", line 676, in compile_filter
    return FilterExpression(token, self)
           ^^^^^^^^^^^^^^^^^^^^^^^^^^^^^
  File "D:\prog\Mini Project\dealTrack\venv\Lib\site-packages\django\template\base.py", line 771, in __init__
    filter_func = parser.find_filter(filter_name)
                  ^^^^^^^^^^^^^^^^^^^^^^^^^^^^^^^
  File "D:\prog\Mini Project\dealTrack\venv\Lib\site-packages\django\template\base.py", line 682, in find_filter
    raise TemplateSyntaxError("Invalid filter: '%s'" % filter_name)
django.template.exceptions.TemplateSyntaxError: Template: D:\prog\Mini Project\dealTrack\customer\templates\customer\customer.html, Invalid filter: 'intcomma'
ERROR 2026-04-27 01:30:40,968 log "GET /customers/ HTTP/1.1" 500 259354
ERROR 2026-04-27 01:37:11,250 log Internal Server Error: /reports/
Traceback (most recent call last):
  File "D:\prog\Mini Project\dealTrack\venv\Lib\site-packages\django\core\handlers\exception.py", line 55, in inner
    response = get_response(request)
               ^^^^^^^^^^^^^^^^^^^^^
  File "D:\prog\Mini Project\dealTrack\venv\Lib\site-packages\django\core\handlers\base.py", line 198, in _get_response
    response = wrapped_callback(request, *callback_args, **callback_kwargs)
               ^^^^^^^^^^^^^^^^^^^^^^^^^^^^^^^^^^^^^^^^^^^^^^^^^^^^^^^^^^^^
  File "D:\prog\Mini Project\dealTrack\venv\Lib\site-packages\django\contrib\auth\decorators.py", line 59, in _view_wrapper
    return view_func(request, *args, **kwargs)
           ^^^^^^^^^^^^^^^^^^^^^^^^^^^^^^^^^^^
  File "D:\prog\Mini Project\dealTrack\reports\views.py", line 167, in reports
    return render(request, "reports/reports.html", context)
           ^^^^^^^^^^^^^^^^^^^^^^^^^^^^^^^^^^^^^^^^^^^^^^^^
  File "D:\prog\Mini Project\dealTrack\venv\Lib\site-packages\django\shortcuts.py", line 25, in render
    content = loader.render_to_string(template_name, context, request, using=using)
              ^^^^^^^^^^^^^^^^^^^^^^^^^^^^^^^^^^^^^^^^^^^^^^^^^^^^^^^^^^^^^^^^^^^^^
  File "D:\prog\Mini Project\dealTrack\venv\Lib\site-packages\django\template\loader.py", line 61, in render_to_string
    template = get_template(template_name, using=using)
               ^^^^^^^^^^^^^^^^^^^^^^^^^^^^^^^^^^^^^^^^
  File "D:\prog\Mini Project\dealTrack\venv\Lib\site-packages\django\template\loader.py", line 15, in get_template
    return engine.get_template(template_name)
           ^^^^^^^^^^^^^^^^^^^^^^^^^^^^^^^^^^
  File "D:\prog\Mini Project\dealTrack\venv\Lib\site-packages\django\template\backends\django.py", line 79, in get_template
    return Template(self.engine.get_template(template_name), self)
                    ^^^^^^^^^^^^^^^^^^^^^^^^^^^^^^^^^^^^^^^
  File "D:\prog\Mini Project\dealTrack\venv\Lib\site-packages\django\template\engine.py", line 186, in get_template
    template, origin = self.find_template(template_name)
                       ^^^^^^^^^^^^^^^^^^^^^^^^^^^^^^^^^
  File "D:\prog\Mini Project\dealTrack\venv\Lib\site-packages\django\template\engine.py", line 159, in find_template
    template = loader.get_template(name, skip=skip)
               ^^^^^^^^^^^^^^^^^^^^^^^^^^^^^^^^^^^^
  File "D:\prog\Mini Project\dealTrack\venv\Lib\site-packages\django\template\loaders\cached.py", line 57, in get_template
    template = super().get_template(template_name, skip)
               ^^^^^^^^^^^^^^^^^^^^^^^^^^^^^^^^^^^^^^^^^
  File "D:\prog\Mini Project\dealTrack\venv\Lib\site-packages\django\template\loaders\base.py", line 28, in get_template
    return Template(
           ^^^^^^^^^
  File "D:\prog\Mini Project\dealTrack\venv\Lib\site-packages\django\template\base.py", line 157, in __init__
    self.nodelist = self.compile_nodelist()
                    ^^^^^^^^^^^^^^^^^^^^^^^
  File "D:\prog\Mini Project\dealTrack\venv\Lib\site-packages\django\template\base.py", line 199, in compile_nodelist
    nodelist = parser.parse()
               ^^^^^^^^^^^^^^
  File "D:\prog\Mini Project\dealTrack\venv\Lib\site-packages\django\template\base.py", line 585, in parse
    raise self.error(token, e)
  File "D:\prog\Mini Project\dealTrack\venv\Lib\site-packages\django\template\base.py", line 583, in parse
    compiled_result = compile_func(self, token)
                      ^^^^^^^^^^^^^^^^^^^^^^^^^
  File "D:\prog\Mini Project\dealTrack\venv\Lib\site-packages\django\template\loader_tags.py", line 307, in do_extends
    nodelist = parser.parse()
               ^^^^^^^^^^^^^^
  File "D:\prog\Mini Project\dealTrack\venv\Lib\site-packages\django\template\base.py", line 585, in parse
    raise self.error(token, e)
  File "D:\prog\Mini Project\dealTrack\venv\Lib\site-packages\django\template\base.py", line 583, in parse
    compiled_result = compile_func(self, token)
                      ^^^^^^^^^^^^^^^^^^^^^^^^^
  File "D:\prog\Mini Project\dealTrack\venv\Lib\site-packages\django\template\loader_tags.py", line 235, in do_block
    nodelist = parser.parse(("endblock",))
               ^^^^^^^^^^^^^^^^^^^^^^^^^^^
  File "D:\prog\Mini Project\dealTrack\venv\Lib\site-packages\django\template\base.py", line 585, in parse
    raise self.error(token, e)
  File "D:\prog\Mini Project\dealTrack\venv\Lib\site-packages\django\template\base.py", line 583, in parse
    compiled_result = compile_func(self, token)
                      ^^^^^^^^^^^^^^^^^^^^^^^^^
  File "D:\prog\Mini Project\dealTrack\venv\Lib\site-packages\django\template\defaulttags.py", line 994, in do_if
    nodelist = parser.parse(("elif", "else", "endif"))
               ^^^^^^^^^^^^^^^^^^^^^^^^^^^^^^^^^^^^^^^
  File "D:\prog\Mini Project\dealTrack\venv\Lib\site-packages\django\template\base.py", line 556, in parse
    raise self.error(token, e)
  File "D:\prog\Mini Project\dealTrack\venv\Lib\site-packages\django\template\base.py", line 554, in parse
    filter_expression = self.compile_filter(token.contents)
                        ^^^^^^^^^^^^^^^^^^^^^^^^^^^^^^^^^^^
  File "D:\prog\Mini Project\dealTrack\venv\Lib\site-packages\django\template\base.py", line 676, in compile_filter
    return FilterExpression(token, self)
           ^^^^^^^^^^^^^^^^^^^^^^^^^^^^^
  File "D:\prog\Mini Project\dealTrack\venv\Lib\site-packages\django\template\base.py", line 748, in __init__
    raise TemplateSyntaxError(
django.template.exceptions.TemplateSyntaxError: Template: D:\prog\Mini Project\dealTrack\reports\templates\reports\reports.html, Could not parse some characters: |((active_customers||floatformat:2) / (total_customers|floatformat:2) * 100)|floatformat:1
ERROR 2026-04-27 01:37:11,250 log "GET /reports/ HTTP/1.1" 500 267163
ERROR 2026-04-27 15:24:17,777 log Internal Server Error: /dashboard/
Traceback (most recent call last):
  File "D:\prog\Mini Project\dealTrack\venv\Lib\site-packages\django\template\smartif.py", line 181, in translate_token
    op = OPERATORS[token]
         ~~~~~~~~~^^^^^^^
KeyError: "request.path=='/dashboard/'"

During handling of the above exception, another exception occurred:

Traceback (most recent call last):
  File "D:\prog\Mini Project\dealTrack\venv\Lib\site-packages\django\core\handlers\exception.py", line 55, in inner
    response = get_response(request)
               ^^^^^^^^^^^^^^^^^^^^^
  File "D:\prog\Mini Project\dealTrack\venv\Lib\site-packages\django\core\handlers\base.py", line 198, in _get_response
    response = wrapped_callback(request, *callback_args, **callback_kwargs)
               ^^^^^^^^^^^^^^^^^^^^^^^^^^^^^^^^^^^^^^^^^^^^^^^^^^^^^^^^^^^^
  File "D:\prog\Mini Project\dealTrack\venv\Lib\site-packages\django\contrib\auth\decorators.py", line 59, in _view_wrapper
    return view_func(request, *args, **kwargs)
           ^^^^^^^^^^^^^^^^^^^^^^^^^^^^^^^^^^^
  File "D:\prog\Mini Project\dealTrack\venv\Lib\site-packages\django\views\decorators\cache.py", line 54, in _view_wrapper
    response = viewfunc(request, *args, **kw)
               ^^^^^^^^^^^^^^^^^^^^^^^^^^^^^^
  File "D:\prog\Mini Project\dealTrack\showroom\views.py", line 92, in dashboard
    return render(request, "dashboard.html", {
           ^^^^^^^^^^^^^^^^^^^^^^^^^^^^^^^^^^^
  File "D:\prog\Mini Project\dealTrack\venv\Lib\site-packages\django\shortcuts.py", line 25, in render
    content = loader.render_to_string(template_name, context, request, using=using)
              ^^^^^^^^^^^^^^^^^^^^^^^^^^^^^^^^^^^^^^^^^^^^^^^^^^^^^^^^^^^^^^^^^^^^^
  File "D:\prog\Mini Project\dealTrack\venv\Lib\site-packages\django\template\loader.py", line 62, in render_to_string
    return template.render(context, request)
           ^^^^^^^^^^^^^^^^^^^^^^^^^^^^^^^^^
  File "D:\prog\Mini Project\dealTrack\venv\Lib\site-packages\django\template\backends\django.py", line 107, in render
    return self.template.render(context)
           ^^^^^^^^^^^^^^^^^^^^^^^^^^^^^
  File "D:\prog\Mini Project\dealTrack\venv\Lib\site-packages\django\template\base.py", line 174, in render
    return self._render(context)
           ^^^^^^^^^^^^^^^^^^^^^
  File "D:\prog\Mini Project\dealTrack\venv\Lib\site-packages\django\template\base.py", line 166, in _render
    return self.nodelist.render(context)
           ^^^^^^^^^^^^^^^^^^^^^^^^^^^^^
  File "D:\prog\Mini Project\dealTrack\venv\Lib\site-packages\django\template\base.py", line 1091, in render
    return SafeString("".join([node.render_annotated(context) for node in self]))
                               ^^^^^^^^^^^^^^^^^^^^^^^^^^^^^^
  File "D:\prog\Mini Project\dealTrack\venv\Lib\site-packages\django\template\base.py", line 1052, in render_annotated
    return self.render(context)
           ^^^^^^^^^^^^^^^^^^^^
  File "D:\prog\Mini Project\dealTrack\venv\Lib\site-packages\django\template\loader_tags.py", line 135, in render
    compiled_parent = self.get_parent(context)
                      ^^^^^^^^^^^^^^^^^^^^^^^^
  File "D:\prog\Mini Project\dealTrack\venv\Lib\site-packages\django\template\loader_tags.py", line 132, in get_parent
    return self.find_template(parent, context)
           ^^^^^^^^^^^^^^^^^^^^^^^^^^^^^^^^^^^
  File "D:\prog\Mini Project\dealTrack\venv\Lib\site-packages\django\template\loader_tags.py", line 110, in find_template
    template, origin = context.template.engine.find_template(
                       ^^^^^^^^^^^^^^^^^^^^^^^^^^^^^^^^^^^^^^
  File "D:\prog\Mini Project\dealTrack\venv\Lib\site-packages\django\template\engine.py", line 159, in find_template
    template = loader.get_template(name, skip=skip)
               ^^^^^^^^^^^^^^^^^^^^^^^^^^^^^^^^^^^^
  File "D:\prog\Mini Project\dealTrack\venv\Lib\site-packages\django\template\loaders\cached.py", line 57, in get_template
    template = super().get_template(template_name, skip)
               ^^^^^^^^^^^^^^^^^^^^^^^^^^^^^^^^^^^^^^^^^
  File "D:\prog\Mini Project\dealTrack\venv\Lib\site-packages\django\template\loaders\base.py", line 28, in get_template
    return Template(
           ^^^^^^^^^
  File "D:\prog\Mini Project\dealTrack\venv\Lib\site-packages\django\template\base.py", line 157, in __init__
    self.nodelist = self.compile_nodelist()
                    ^^^^^^^^^^^^^^^^^^^^^^^
  File "D:\prog\Mini Project\dealTrack\venv\Lib\site-packages\django\template\base.py", line 199, in compile_nodelist
    nodelist = parser.parse()
               ^^^^^^^^^^^^^^
  File "D:\prog\Mini Project\dealTrack\venv\Lib\site-packages\django\template\base.py", line 585, in parse
    raise self.error(token, e)
  File "D:\prog\Mini Project\dealTrack\venv\Lib\site-packages\django\template\base.py", line 583, in parse
    compiled_result = compile_func(self, token)
                      ^^^^^^^^^^^^^^^^^^^^^^^^^
  File "D:\prog\Mini Project\dealTrack\venv\Lib\site-packages\django\template\defaulttags.py", line 993, in do_if
    condition = TemplateIfParser(parser, bits).parse()
                ^^^^^^^^^^^^^^^^^^^^^^^^^^^^^^
  File "D:\prog\Mini Project\dealTrack\venv\Lib\site-packages\django\template\defaulttags.py", line 926, in __init__
    super().__init__(*args, **kwargs)
  File "D:\prog\Mini Project\dealTrack\venv\Lib\site-packages\django\template\smartif.py", line 172, in __init__
    mapped_tokens.append(self.translate_token(token))
                         ^^^^^^^^^^^^^^^^^^^^^^^^^^^
  File "D:\prog\Mini Project\dealTrack\venv\Lib\site-packages\django\template\smartif.py", line 183, in translate_token
    return self.create_var(token)
           ^^^^^^^^^^^^^^^^^^^^^^
  File "D:\prog\Mini Project\dealTrack\venv\Lib\site-packages\django\template\defaulttags.py", line 929, in create_var
    return TemplateLiteral(self.template_parser.compile_filter(value), value)
                           ^^^^^^^^^^^^^^^^^^^^^^^^^^^^^^^^^^^^^^^^^^
  File "D:\prog\Mini Project\dealTrack\venv\Lib\site-packages\django\template\base.py", line 676, in compile_filter
    return FilterExpression(token, self)
           ^^^^^^^^^^^^^^^^^^^^^^^^^^^^^
  File "D:\prog\Mini Project\dealTrack\venv\Lib\site-packages\django\template\base.py", line 776, in __init__
    raise TemplateSyntaxError(
django.template.exceptions.TemplateSyntaxError: Template: D:\prog\Mini Project\dealTrack\templates\base.html, Could not parse the remainder: '=='/dashboard/'' from 'request.path=='/dashboard/''
ERROR 2026-04-27 15:24:17,797 log "GET /dashboard/ HTTP/1.1" 500 258684
ERROR 2026-04-27 15:24:36,144 log Internal Server Error: /dashboard/
Traceback (most recent call last):
  File "D:\prog\Mini Project\dealTrack\venv\Lib\site-packages\django\template\smartif.py", line 181, in translate_token
    op = OPERATORS[token]
         ~~~~~~~~~^^^^^^^
KeyError: "request.path=='/dashboard/'"

During handling of the above exception, another exception occurred:

Traceback (most recent call last):
  File "D:\prog\Mini Project\dealTrack\venv\Lib\site-packages\django\core\handlers\exception.py", line 55, in inner
    response = get_response(request)
               ^^^^^^^^^^^^^^^^^^^^^
  File "D:\prog\Mini Project\dealTrack\venv\Lib\site-packages\django\core\handlers\base.py", line 198, in _get_response
    response = wrapped_callback(request, *callback_args, **callback_kwargs)
               ^^^^^^^^^^^^^^^^^^^^^^^^^^^^^^^^^^^^^^^^^^^^^^^^^^^^^^^^^^^^
  File "D:\prog\Mini Project\dealTrack\venv\Lib\site-packages\django\contrib\auth\decorators.py", line 59, in _view_wrapper
    return view_func(request, *args, **kwargs)
           ^^^^^^^^^^^^^^^^^^^^^^^^^^^^^^^^^^^
  File "D:\prog\Mini Project\dealTrack\venv\Lib\site-packages\django\views\decorators\cache.py", line 54, in _view_wrapper
    response = viewfunc(request, *args, **kw)
               ^^^^^^^^^^^^^^^^^^^^^^^^^^^^^^
  File "D:\prog\Mini Project\dealTrack\showroom\views.py", line 92, in dashboard
    return render(request, "dashboard.html", {
           ^^^^^^^^^^^^^^^^^^^^^^^^^^^^^^^^^^^
  File "D:\prog\Mini Project\dealTrack\venv\Lib\site-packages\django\shortcuts.py", line 25, in render
    content = loader.render_to_string(template_name, context, request, using=using)
              ^^^^^^^^^^^^^^^^^^^^^^^^^^^^^^^^^^^^^^^^^^^^^^^^^^^^^^^^^^^^^^^^^^^^^
  File "D:\prog\Mini Project\dealTrack\venv\Lib\site-packages\django\template\loader.py", line 62, in render_to_string
    return template.render(context, request)
           ^^^^^^^^^^^^^^^^^^^^^^^^^^^^^^^^^
  File "D:\prog\Mini Project\dealTrack\venv\Lib\site-packages\django\template\backends\django.py", line 107, in render
    return self.template.render(context)
           ^^^^^^^^^^^^^^^^^^^^^^^^^^^^^
  File "D:\prog\Mini Project\dealTrack\venv\Lib\site-packages\django\template\base.py", line 174, in render
    return self._render(context)
           ^^^^^^^^^^^^^^^^^^^^^
  File "D:\prog\Mini Project\dealTrack\venv\Lib\site-packages\django\template\base.py", line 166, in _render
    return self.nodelist.render(context)
           ^^^^^^^^^^^^^^^^^^^^^^^^^^^^^
  File "D:\prog\Mini Project\dealTrack\venv\Lib\site-packages\django\template\base.py", line 1091, in render
    return SafeString("".join([node.render_annotated(context) for node in self]))
                               ^^^^^^^^^^^^^^^^^^^^^^^^^^^^^^
  File "D:\prog\Mini Project\dealTrack\venv\Lib\site-packages\django\template\base.py", line 1052, in render_annotated
    return self.render(context)
           ^^^^^^^^^^^^^^^^^^^^
  File "D:\prog\Mini Project\dealTrack\venv\Lib\site-packages\django\template\loader_tags.py", line 135, in render
    compiled_parent = self.get_parent(context)
                      ^^^^^^^^^^^^^^^^^^^^^^^^
  File "D:\prog\Mini Project\dealTrack\venv\Lib\site-packages\django\template\loader_tags.py", line 132, in get_parent
    return self.find_template(parent, context)
           ^^^^^^^^^^^^^^^^^^^^^^^^^^^^^^^^^^^
  File "D:\prog\Mini Project\dealTrack\venv\Lib\site-packages\django\template\loader_tags.py", line 110, in find_template
    template, origin = context.template.engine.find_template(
                       ^^^^^^^^^^^^^^^^^^^^^^^^^^^^^^^^^^^^^^
  File "D:\prog\Mini Project\dealTrack\venv\Lib\site-packages\django\template\engine.py", line 159, in find_template
    template = loader.get_template(name, skip=skip)
               ^^^^^^^^^^^^^^^^^^^^^^^^^^^^^^^^^^^^
  File "D:\prog\Mini Project\dealTrack\venv\Lib\site-packages\django\template\loaders\cached.py", line 57, in get_template
    template = super().get_template(template_name, skip)
               ^^^^^^^^^^^^^^^^^^^^^^^^^^^^^^^^^^^^^^^^^
  File "D:\prog\Mini Project\dealTrack\venv\Lib\site-packages\django\template\loaders\base.py", line 28, in get_template
    return Template(
           ^^^^^^^^^
  File "D:\prog\Mini Project\dealTrack\venv\Lib\site-packages\django\template\base.py", line 157, in __init__
    self.nodelist = self.compile_nodelist()
                    ^^^^^^^^^^^^^^^^^^^^^^^
  File "D:\prog\Mini Project\dealTrack\venv\Lib\site-packages\django\template\base.py", line 199, in compile_nodelist
    nodelist = parser.parse()
               ^^^^^^^^^^^^^^
  File "D:\prog\Mini Project\dealTrack\venv\Lib\site-packages\django\template\base.py", line 585, in parse
    raise self.error(token, e)
  File "D:\prog\Mini Project\dealTrack\venv\Lib\site-packages\django\template\base.py", line 583, in parse
    compiled_result = compile_func(self, token)
                      ^^^^^^^^^^^^^^^^^^^^^^^^^
  File "D:\prog\Mini Project\dealTrack\venv\Lib\site-packages\django\template\defaulttags.py", line 993, in do_if
    condition = TemplateIfParser(parser, bits).parse()
                ^^^^^^^^^^^^^^^^^^^^^^^^^^^^^^
  File "D:\prog\Mini Project\dealTrack\venv\Lib\site-packages\django\template\defaulttags.py", line 926, in __init__
    super().__init__(*args, **kwargs)
  File "D:\prog\Mini Project\dealTrack\venv\Lib\site-packages\django\template\smartif.py", line 172, in __init__
    mapped_tokens.append(self.translate_token(token))
                         ^^^^^^^^^^^^^^^^^^^^^^^^^^^
  File "D:\prog\Mini Project\dealTrack\venv\Lib\site-packages\django\template\smartif.py", line 183, in translate_token
    return self.create_var(token)
           ^^^^^^^^^^^^^^^^^^^^^^
  File "D:\prog\Mini Project\dealTrack\venv\Lib\site-packages\django\template\defaulttags.py", line 929, in create_var
    return TemplateLiteral(self.template_parser.compile_filter(value), value)
                           ^^^^^^^^^^^^^^^^^^^^^^^^^^^^^^^^^^^^^^^^^^
  File "D:\prog\Mini Project\dealTrack\venv\Lib\site-packages\django\template\base.py", line 676, in compile_filter
    return FilterExpression(token, self)
           ^^^^^^^^^^^^^^^^^^^^^^^^^^^^^
  File "D:\prog\Mini Project\dealTrack\venv\Lib\site-packages\django\template\base.py", line 776, in __init__
    raise TemplateSyntaxError(
django.template.exceptions.TemplateSyntaxError: Template: D:\prog\Mini Project\dealTrack\templates\base.html, Could not parse the remainder: '=='/dashboard/'' from 'request.path=='/dashboard/''
ERROR 2026-04-27 15:24:36,152 log "GET /dashboard/ HTTP/1.1" 500 258684
ERROR 2026-04-27 15:26:10,800 log Internal Server Error: /dashboard/
Traceback (most recent call last):
  File "D:\prog\Mini Project\dealTrack\venv\Lib\site-packages\django\template\smartif.py", line 181, in translate_token
    op = OPERATORS[token]
         ~~~~~~~~~^^^^^^^
KeyError: "request.path='/dashboard/'"

During handling of the above exception, another exception occurred:

Traceback (most recent call last):
  File "D:\prog\Mini Project\dealTrack\venv\Lib\site-packages\django\core\handlers\exception.py", line 55, in inner
    response = get_response(request)
               ^^^^^^^^^^^^^^^^^^^^^
  File "D:\prog\Mini Project\dealTrack\venv\Lib\site-packages\django\core\handlers\base.py", line 198, in _get_response
    response = wrapped_callback(request, *callback_args, **callback_kwargs)
               ^^^^^^^^^^^^^^^^^^^^^^^^^^^^^^^^^^^^^^^^^^^^^^^^^^^^^^^^^^^^
  File "D:\prog\Mini Project\dealTrack\venv\Lib\site-packages\django\contrib\auth\decorators.py", line 59, in _view_wrapper
    return view_func(request, *args, **kwargs)
           ^^^^^^^^^^^^^^^^^^^^^^^^^^^^^^^^^^^
  File "D:\prog\Mini Project\dealTrack\venv\Lib\site-packages\django\views\decorators\cache.py", line 54, in _view_wrapper
    response = viewfunc(request, *args, **kw)
               ^^^^^^^^^^^^^^^^^^^^^^^^^^^^^^
  File "D:\prog\Mini Project\dealTrack\showroom\views.py", line 92, in dashboard
    return render(request, "dashboard.html", {
           ^^^^^^^^^^^^^^^^^^^^^^^^^^^^^^^^^^^
  File "D:\prog\Mini Project\dealTrack\venv\Lib\site-packages\django\shortcuts.py", line 25, in render
    content = loader.render_to_string(template_name, context, request, using=using)
              ^^^^^^^^^^^^^^^^^^^^^^^^^^^^^^^^^^^^^^^^^^^^^^^^^^^^^^^^^^^^^^^^^^^^^
  File "D:\prog\Mini Project\dealTrack\venv\Lib\site-packages\django\template\loader.py", line 62, in render_to_string
    return template.render(context, request)
           ^^^^^^^^^^^^^^^^^^^^^^^^^^^^^^^^^
  File "D:\prog\Mini Project\dealTrack\venv\Lib\site-packages\django\template\backends\django.py", line 107, in render
    return self.template.render(context)
           ^^^^^^^^^^^^^^^^^^^^^^^^^^^^^
  File "D:\prog\Mini Project\dealTrack\venv\Lib\site-packages\django\template\base.py", line 174, in render
    return self._render(context)
           ^^^^^^^^^^^^^^^^^^^^^
  File "D:\prog\Mini Project\dealTrack\venv\Lib\site-packages\django\template\base.py", line 166, in _render
    return self.nodelist.render(context)
           ^^^^^^^^^^^^^^^^^^^^^^^^^^^^^
  File "D:\prog\Mini Project\dealTrack\venv\Lib\site-packages\django\template\base.py", line 1091, in render
    return SafeString("".join([node.render_annotated(context) for node in self]))
                               ^^^^^^^^^^^^^^^^^^^^^^^^^^^^^^
  File "D:\prog\Mini Project\dealTrack\venv\Lib\site-packages\django\template\base.py", line 1052, in render_annotated
    return self.render(context)
           ^^^^^^^^^^^^^^^^^^^^
  File "D:\prog\Mini Project\dealTrack\venv\Lib\site-packages\django\template\loader_tags.py", line 135, in render
    compiled_parent = self.get_parent(context)
                      ^^^^^^^^^^^^^^^^^^^^^^^^
  File "D:\prog\Mini Project\dealTrack\venv\Lib\site-packages\django\template\loader_tags.py", line 132, in get_parent
    return self.find_template(parent, context)
           ^^^^^^^^^^^^^^^^^^^^^^^^^^^^^^^^^^^
  File "D:\prog\Mini Project\dealTrack\venv\Lib\site-packages\django\template\loader_tags.py", line 110, in find_template
    template, origin = context.template.engine.find_template(
                       ^^^^^^^^^^^^^^^^^^^^^^^^^^^^^^^^^^^^^^
  File "D:\prog\Mini Project\dealTrack\venv\Lib\site-packages\django\template\engine.py", line 159, in find_template
    template = loader.get_template(name, skip=skip)
               ^^^^^^^^^^^^^^^^^^^^^^^^^^^^^^^^^^^^
  File "D:\prog\Mini Project\dealTrack\venv\Lib\site-packages\django\template\loaders\cached.py", line 57, in get_template
    template = super().get_template(template_name, skip)
               ^^^^^^^^^^^^^^^^^^^^^^^^^^^^^^^^^^^^^^^^^
  File "D:\prog\Mini Project\dealTrack\venv\Lib\site-packages\django\template\loaders\base.py", line 28, in get_template
    return Template(
           ^^^^^^^^^
  File "D:\prog\Mini Project\dealTrack\venv\Lib\site-packages\django\template\base.py", line 157, in __init__
    self.nodelist = self.compile_nodelist()
                    ^^^^^^^^^^^^^^^^^^^^^^^
  File "D:\prog\Mini Project\dealTrack\venv\Lib\site-packages\django\template\base.py", line 199, in compile_nodelist
    nodelist = parser.parse()
               ^^^^^^^^^^^^^^
  File "D:\prog\Mini Project\dealTrack\venv\Lib\site-packages\django\template\base.py", line 585, in parse
    raise self.error(token, e)
  File "D:\prog\Mini Project\dealTrack\venv\Lib\site-packages\django\template\base.py", line 583, in parse
    compiled_result = compile_func(self, token)
                      ^^^^^^^^^^^^^^^^^^^^^^^^^
  File "D:\prog\Mini Project\dealTrack\venv\Lib\site-packages\django\template\defaulttags.py", line 993, in do_if
    condition = TemplateIfParser(parser, bits).parse()
                ^^^^^^^^^^^^^^^^^^^^^^^^^^^^^^
  File "D:\prog\Mini Project\dealTrack\venv\Lib\site-packages\django\template\defaulttags.py", line 926, in __init__
    super().__init__(*args, **kwargs)
  File "D:\prog\Mini Project\dealTrack\venv\Lib\site-packages\django\template\smartif.py", line 172, in __init__
    mapped_tokens.append(self.translate_token(token))
                         ^^^^^^^^^^^^^^^^^^^^^^^^^^^
  File "D:\prog\Mini Project\dealTrack\venv\Lib\site-packages\django\template\smartif.py", line 183, in translate_token
    return self.create_var(token)
           ^^^^^^^^^^^^^^^^^^^^^^
  File "D:\prog\Mini Project\dealTrack\venv\Lib\site-packages\django\template\defaulttags.py", line 929, in create_var
    return TemplateLiteral(self.template_parser.compile_filter(value), value)
                           ^^^^^^^^^^^^^^^^^^^^^^^^^^^^^^^^^^^^^^^^^^
  File "D:\prog\Mini Project\dealTrack\venv\Lib\site-packages\django\template\base.py", line 676, in compile_filter
    return FilterExpression(token, self)
           ^^^^^^^^^^^^^^^^^^^^^^^^^^^^^
  File "D:\prog\Mini Project\dealTrack\venv\Lib\site-packages\django\template\base.py", line 776, in __init__
    raise TemplateSyntaxError(
django.template.exceptions.TemplateSyntaxError: Template: D:\prog\Mini Project\dealTrack\templates\base.html, Could not parse the remainder: '='/dashboard/'' from 'request.path='/dashboard/''
ERROR 2026-04-27 15:26:10,812 log "GET /dashboard/ HTTP/1.1" 500 258656
